m,f_re,f_im,f_R_hz,tau_s,Q,abs_res,omega_R,omega_I_abs,omegaR_over_abs_omegaI,Q_from_f_tau,damping_ratio,inverse_damping_ratio,Q_consistency_error,Q_consistency_relative_error,fR_relative_to_start,tau_relative_to_start,Q_relative_to_start,spectral_ratio_relative_to_start
-14.0,9.596712867697873,-0.1358383166418747,9.596712867697873,1.1716498483376585,35.32402750911116,9.09587098209757e-15,60.297925287540544,0.8534973152762355,70.64805501822234,35.32402750911117,0.014154671345758476,70.64805501822234,7.105427357601002e-15,2.0114997803600656e-16,1.0,1.0,1.0,1.0
-14.01,9.599245548550966,-0.1356737688098444,9.599245548550966,1.1730708484626924,35.37620290479632,1.042324418205854e-14,60.31383859066448,0.8524634307556943,70.75240580959266,35.37620290479633,0.014133795007496681,70.75240580959266,7.105427357601002e-15,2.008533074259828e-16,1.0002639112879597,1.0012128197917236,1.0014770511565168,1.0014770511565168
-14.02,9.601777804502646,-0.1355092684322603,9.601777804502646,1.1744948883068849,35.42849103824389,4.4647671043835706e-15,60.32974922405409,0.851429844400233,70.85698207648778,35.42849103824389,0.014112935249211332,70.85698207648778,0.0,0.0,1.0005277783001951,1.0024282339755883,1.0029572938449838,1.0029572938449836
-14.03,9.604309636500542,-0.1353448154226764,9.604309636500542,1.1759219782070025,35.48089229168721,1.1866928732135989e-15,60.34565719366352,0.8503965556666939,70.96178458337444,35.48089229168722,0.014092092044628328,70.96178458337444,7.105427357601002e-15,2.0026067267946714e-16,1.0007916011354512,1.0036462513739965,1.0044407388861758,1.0044407388861758
-14.04,9.606841045486188,-0.1351804096587822,9.606841045486188,1.177352128859713,35.53340705852072,5.143400987294601e-15,60.36156250540859,0.8493635637865777,71.06681411704145,35.53340705852072,0.014071265363789614,71.06681411704145,0.0,0.0,1.0010553798918385,1.0048668811165256,1.0059273974168308,1.0059273974168306
-14.05,9.609372032401026,-0.1350160510277583,9.609372032401026,1.1787853509296775,35.58603573150503,1.0127400635423466e-14,60.37746516520457,0.8483308680510204,71.17207146301004,35.58603573150502,0.014050455177769074,71.17207146301004,-7.105427357601002e-15,-1.9966897721373402e-16,1.001319114667457,1.0060901323054348,1.007417280555743,1.0074172805557426
-14.06,9.61190259819066,-0.134851739457263,9.61190259819066,1.1802216547776487,35.638778694570874,7.214100729072864e-15,60.393365178992845,0.8472984680054848,71.27755738914178,35.63877869457088,0.014029661461888667,71.27755738914178,7.105427357601002e-15,1.9937348073836845e-16,1.0015828055608411,1.0073160137835993,1.0089103991717403,1.0089103991717405
-14.07,9.614432743785262,-0.1346874747713767,9.614432743785262,1.1816610517202923,35.69163636078685,7.073479992989651e-15,60.409262552617875,0.8462663625446353,71.38327272157372,35.69163636078685,0.014008884180758166,71.38327272157372,0.0,0.0,1.0018464526689168,1.0085445352097624,1.0104067649585222,1.0104067649585222
-14.079999999999998,9.616962470133844,-0.1345232569420384,9.616962470133844,1.1831035518302224,35.74460910605765,6.3506309749051105e-15,60.42515729204247,0.8452345514921604,71.4892182121153,35.74460910605766,0.013988123314384343,71.4892182121153,7.105427357601002e-15,1.9878318815904585e-16,1.0021100560905736,1.0097757051808733,1.0119063885577038,1.0119063885577035
-14.089999999999998,9.619491778168932,-0.1343590858302093,9.619491778168932,1.1845491662024312,35.79769733743635,1.0778315928076989e-15,60.44104940312587,0.8442030339744522,71.5953946748727,35.79769733743635,0.013967378831294614,71.5953946748727,0.0,0.0,1.0023736159229826,1.0110095331664783,1.0134092814926896,1.0134092814926894
-14.099999999999998,9.62202066882828,-0.1341949613446393,9.62202066882828,1.185997905563338,35.85090145119912,1.2705264429312778e-14,60.456938891760146,0.8431718094181703,71.70180290239826,35.85090145119913,0.01394665070502087,71.70180290239826,7.105427357601002e-15,1.981938269327212e-16,1.00263713226386,1.0122460283215473,1.0149154549817985,1.0149154549817985
-14.109999999999998,9.62454914304328,-0.1340308833580468,9.62454914304328,1.1874497810085507,35.90422185509474,7.720840863447045e-15,60.47282576379742,0.842140877023581,71.80844371018948,35.90422185509474,0.013925938905400646,71.80844371018948,0.0,0.0,1.0029006052102594,1.0134852001161518,1.0164249205681297,1.0164249205681295
-14.119999999999996,9.62707720175238,-0.1338668518030079,9.62707720175238,1.1889048031554534,35.95765894277969,1.2499750519123835e-14,60.48871002513412,0.8411102363670462,71.91531788555939,35.95765894277969,0.013905243408522849,71.91531788555939,0.0,0.0,1.0031640348599689,1.0147270576122007,1.0179376893958394,1.0179376893958394
-14.129999999999995,9.629604845884314,-0.1337028665523502,9.629604845884314,1.1903629832018567,36.011213125763184,9.582871241767493e-15,60.50459168160567,0.8400798866495197,72.02242625152637,36.011213125763184,0.013884564184323172,72.02242625152637,0.0,0.0,1.0034274213097647,1.0159716103669953,1.0194537731144835,1.0194537731144833
-14.139999999999995,9.632132076374916,-0.1335389275384951,9.632132076374916,1.1918243318676935,36.06488480146835,1.1368271767870484e-14,60.52047073909207,0.8390498274463922,72.1297696029367,36.06488480146835,0.013863901208957776,72.1297696029367,0.0,0.0,1.0036907646571631,1.0172188675299696,1.0209731829748492,1.020973182974849
-14.149999999999997,9.634658894152208,-0.133375034647992,9.634658894152208,1.193288860332389,36.11867438152998,9.636742249038158e-15,60.53634720342428,0.8380200580448319,72.23734876305996,36.11867438152998,0.013843254453870133,72.23734876305996,0.0,0.0,1.0039540649988665,1.0184688386427327,1.0224959306300465,1.0224959306300463
-14.159999999999997,9.637185300142454,-0.1332111877647589,9.637185300142454,1.1947565798523707,36.17258228025489,1.7098876366520038e-14,60.55222108042216,0.8369905777154744,72.3451645605098,36.1725822802549,0.01382262389027529,72.3451645605098,7.105427357601002e-15,1.964312998875825e-16,1.004217322431393,1.0197215333126157,1.0240220278088297,1.0240220278088297
-14.169999999999996,9.639711295279874,-0.1330473868369403,9.639711295279874,1.196227501160559,36.22660889647563,8.246349205580614e-15,60.5680923759556,0.8359613861325019,72.45321779295128,36.22660889647564,0.01380200949608185,72.45321779295128,7.105427357601002e-15,1.9613835172665763e-16,1.0044805370520913,1.0209769607001369,1.0255514858018857,1.0255514858018857
-14.179999999999996,9.642236880486085,-0.1328836317345401,9.642236880486085,1.197701635742746,36.28075465211643,5.442641205208294e-15,60.5839610958153,0.8349324824791253,72.56150930423287,36.28075465211643,0.013781411241147724,72.56150930423287,0.0,0.0,1.0047437089569955,1.0222351306083894,1.027084316553612,1.027084316553612
-14.189999999999996,9.644762056688176,-0.1327199223745228,9.644762056688176,1.199178994716222,36.33501995831336,7.950313203316809e-15,60.59982724582631,0.8339038662336173,72.6700399166267,36.33501995831335,0.013760829100235607,72.6700399166267,-7.105427357601002e-15,-1.955531431041721e-16,1.0050068382427106,1.0234960525259504,1.028620531703001,1.0286205317030006
-14.199999999999996,9.647286824808008,-0.1325562586471732,9.647286824808008,1.2006595894918866,36.389405235426565,7.839660476403649e-15,60.61569083178088,0.8328755367066157,72.77881047085314,36.38940523542657,0.01374026304538854,72.77881047085314,7.105427357601002e-15,1.9526088188667562e-16,1.0052699250052968,1.0247597361919922,1.030160143150172,1.030160143150172
-14.209999999999996,9.649811185774984,-0.1323926405026902,9.649811185774984,1.202143430991251,36.44391088936283,4.6271133556207615e-15,60.6315518595186,0.8318474935852124,72.88782177872567,36.44391088936283,0.013719713054888926,72.88782177872567,0.0,0.0,1.0055329693416002,1.0260261909279953,1.031703162386079,1.0317031623860788
-14.219999999999995,9.652335140506084,-0.1322290678161019,9.652335140506084,1.203630530869662,36.49853734857339,2.7103998191910118e-15,60.64741033480104,0.8308197360841849,72.9970746971468,36.4985373485734,0.01369917909928364,72.9970746971468,7.105427357601002e-15,1.9467704389745167e-16,1.0057959713471718,1.0272954266817667,1.0332496015398949,1.0332496015398949
-14.229999999999997,9.65485868992339,-0.1320655405058041,9.65485868992339,1.2051209004433725,36.55328503160546,2.1210781103223385e-15,60.6632662634218,0.829792263690799,73.10657006321094,36.55328503160547,0.01367866115364678,73.10657006321094,7.105427357601002e-15,1.9438546635295184e-16,1.006058931118095,1.028567453111698,1.0347994724604164,1.0347994724604164
-14.239999999999997,9.657381834948538,-0.131902058495735,9.657381834948538,1.206614551030995,36.60815435742728,6.5653524581199634e-15,60.67911965117168,0.8287650759271447,73.21630871485453,36.60815435742727,0.013658159193664927,73.21630871485453,-1.4210854715202004e-14,-3.881882319565455e-16,1.0063218487504064,1.0298422798781943,1.0363527870083586,1.036352787008358
-14.249999999999996,9.659904576491922,-0.1317386216443377,9.659904576491922,1.2081114946046347,36.66314576514743,1.458496737992593e-14,60.69497050377089,0.8277381719037935,73.32629153029487,36.66314576514743,0.013637673188297658,73.32629153029487,0.0,0.0,1.0065847243389712,1.031119917199416,1.0379095576145974,1.0379095576145971
-14.259999999999994,9.662426915481351,-0.1315752299335305,9.662426915481351,1.209611742060399,36.71825966165,5.7313751518696356e-15,60.710818827048996,0.8267115515071344,73.4365193233,36.71825966165,0.013617203119303057,73.4365193233,0.0,0.0,1.0068475579804694,1.0324003743751606,1.0394697957977534,1.0394697957977532
-14.269999999999994,9.664948852826882,-0.1314118832368408,9.664948852826882,1.2111153053415555,36.77349648588458,2.6113852161422537e-15,60.72666462672406,0.8256852139425177,73.54699297176916,36.77349648588457,0.013596748957280249,73.54699297176916,-7.105427357601002e-15,-1.9322142403098395e-16,1.007110349769731,1.0336836615989757,1.041033513984201,1.0410335139842009
-14.279999999999994,9.667470389450804,-0.131248581516198,9.667470389450804,1.2126221956330496,36.82885665418675,1.6787511977365987e-14,60.742507908591,0.8246591589707376,73.6577133083735,36.82885665418675,0.013576310681997763,73.6577133083735,0.0,0.0,1.0073730998028605,1.0349697884171818,1.0426007239601274,1.0426007239601272
-14.289999999999994,9.669991526255965,-0.1310853246159912,9.669991526255965,1.2141324252591417,36.88434061777618,7.267510082199786e-15,60.75834867832258,0.8236333856140629,73.76868123555235,36.884340617776175,0.013555888261129117,73.76868123555235,-7.105427357601002e-15,-1.926407586144182e-16,1.0076358081739367,1.036258765348502,1.0441714384992642,1.0441714384992637
-14.299999999999994,9.672512264161549,-0.1309221124948446,9.672512264161549,1.2156460055451856,36.93994879796347,8.948838350958004e-15,60.7741869416942,0.8226078936125208,73.87989759592693,36.93994879796347,0.013535481674180486,73.87989759592693,0.0,0.0,1.0078984749787412,1.0375506020590957,1.0457456695286378,1.0457456695286376
-14.309999999999992,9.675032604073497,-0.1307589450346431,9.675032604073497,1.2171629485824391,36.99568163963927,2.212103705231536e-15,60.79002270439805,0.8215826822239729,73.99136327927854,36.99568163963927,0.013515090892777918,73.99136327927854,0.0,0.0,1.008161100311675,1.0388453088688185,1.0473234296428102,1.04732342964281
-14.319999999999991,9.677552546916074,-0.1305958222419942,9.677552546916074,1.2186832653573023,37.051539554548526,8.361571575554633e-15,60.80585597224146,0.8205577514899351,74.10307910909705,37.05153955454852,0.01349471590145082,74.10307910909705,-7.105427357601002e-15,-1.9177144709844383e-16,1.0084236842690484,1.0401428951545335,1.0489047304980097,1.0489047304980095
-14.329999999999991,9.680072093581694,-0.1304327439296691,9.680072093581694,1.2202069687172532,37.1075230112513,4.720733054568282e-15,60.82168675083164,0.8195331002340148,74.21504602250259,37.107523011251295,0.013474356664776466,74.21504602250259,-7.105427357601002e-15,-1.9148212494395217e-16,1.0086862269438535,1.041443371881529,1.0504895853588643,1.050489585358864
-14.339999999999993,9.682591244989982,-0.1302697100908909,9.682591244989982,1.221734069883558,37.16363242934336,7.464134339039856e-15,60.83751504594675,0.81850872841363,74.32726485868672,37.16363242934336,0.013454013165979278,74.32726485868672,0.0,0.0,1.0089487284319167,1.0427467486271254,1.052078006103854,1.0520780061038537
-14.349999999999993,9.685110002039936,-0.1301067205972119,9.685110002039936,1.22326458127103,37.21986826500444,8.995547373193812e-15,60.85334086323538,0.8174846352217215,74.4397365300089,37.21986826500445,0.0134336853757787,74.4397365300089,7.105427357601002e-15,1.9090415116492497e-16,1.0092111888269164,1.0440530359873326,1.0536700056471275,1.0536700056471275
-14.359999999999992,9.687628365640686,-0.1299437753918557,9.687628365640686,1.2247985146802998,37.27623095614576,1.2224684831140492e-14,60.86916420840974,0.816460820301552,74.55246191229152,37.27623095614576,0.01341337327232019,74.55246191229152,0.0,0.0,1.0094736082235858,1.0453622440339567,1.0552655963856632,1.055265596385663
-14.369999999999992,9.690146336698126,-0.1297808744056972,9.690146336698126,1.226335882083629,37.33272094625656,8.865289006600649e-15,60.88498508716175,0.8154372832187958,74.6654418925131,37.33272094625655,0.013393076832513498,74.6654418925131,-7.105427357601002e-15,-1.9032706905638713e-16,1.009735986716321,1.0466743829852914,1.05686479087435,1.0568647908743496
-14.379999999999992,9.692663916112837,-0.1296180175448778,9.692663916112837,1.227876695744022,37.38933868802973,4.220308060520364e-15,60.90080350514992,0.8144140233837227,74.77867737605943,37.38933868802972,0.013372796030759328,74.77867737605943,-1.4210854715202004e-14,-3.8007772305830154e-16,1.009998324398965,1.0479894633077778,1.0584676019286268,1.058467601928626
-14.389999999999992,9.695181104793418,-0.1294552047725358,9.695181104793418,1.2294209674423258,37.4460846198834,8.931777008433754e-15,60.916619468083155,0.8133910405647216,74.8921692397668,37.44608461988341,0.013352530847364113,74.8921692397668,7.105427357601002e-15,1.8975087595214453e-16,1.0102606213661955,1.0493074950563372,1.0600740419598216,1.0600740419598216
-14.399999999999991,9.697697903629928,-0.1292924359466489,9.697697903629928,1.230968710014628,37.50295921267806,5.956271511572353e-15,60.93243298155384,0.8123683338694423,75.0059184253561,37.50295921267805,0.013332281251847792,75.0059184253561,-7.105427357601002e-15,-1.8946311189222042e-16,1.0105228777107593,1.0506284891865358,1.061684124297686,1.0616841242976858
-14.409999999999991,9.700214313535325,-0.1291297110722166,9.700214313535325,1.232519934958167,37.55996289696031,1.399277463072224e-14,60.94824405129827,0.8113459033292967,75.11992579392063,37.559962896960315,0.013312047228898206,75.11992579392063,7.105427357601002e-15,1.8917556913177987e-16,1.0107850935277884,1.0519524555112358,1.0632978611307113,1.0632978611307113
-14.419999999999993,9.702730335396064,-0.1289670300016907,9.702730335396064,1.2340746552805693,37.61709614956964,1.1022563465713403e-14,60.964052682886205,0.8103237480172122,75.23419229913925,37.617096149569626,0.01329182874754463,75.23419229913925,-1.4210854715202004e-14,-3.7777649446140417e-16,1.0110472689096535,1.0532794051324117,1.06491526595791,1.0649152659579093
-14.42999999999999,9.705245970117335,-0.128804392708253,9.705245970117335,1.2356328828969945,37.67435941451195,2.434909185329438e-15,60.97985888200513,0.809301867764685,75.3487188290239,37.67435941451195,0.013271625789273616,75.3487188290239,0.0,0.0,1.0113094039506778,1.05460934821962,1.0665363513487969,1.0665363513487967
-14.43999999999999,9.707761218593951,-0.1286417991103909,9.707761218593951,1.2371946303030192,37.73175315382316,8.67182973659664e-15,60.99566265427731,0.808280262059556,75.4635063076463,37.73175315382315,0.013251438329982232,75.4635063076463,-1.4210854715202004e-14,-3.7662852974967297e-16,1.0115714987441025,1.0559422954378015,1.0681611303833056,1.068161130383305
-14.44999999999999,9.710276081720888,-0.1284792491353062,9.710276081720888,1.238759909970235,37.78927782919497,2.26509985913372e-15,61.01146400532605,0.8072589304444217,75.57855565838993,37.789277829194965,0.013231266346500901,75.57855565838993,-7.105427357601002e-15,-1.880276037482659e-16,1.0118335533831866,1.0572782574314268,1.0697896161316245,1.069789616131624
-14.45999999999999,9.712790560393126,-0.128316742717878,9.712790560393126,1.2403287343555731,37.84693390225791,3.922482522551344e-15,61.02726294077467,0.8062378725101144,75.69386780451582,37.84693390225791,0.013211109816485572,75.69386780451582,0.0,0.0,1.0120955679611887,1.0586172448324527,1.0714218216622102,1.07142182166221
-14.46999999999999,9.715304655505106,-0.128154279797228,9.715304655505106,1.241901115933998,37.90472183557636,9.469004897397436e-15,61.043059466243115,0.8052170878741249,75.80944367115274,37.90472183557637,0.013190968718063861,75.80944367115274,7.105427357601002e-15,1.8745494000517997e-16,1.0123575425713118,1.0599592682882282,1.073057760069957,1.073057760069957
-14.47999999999999,9.717818367947077,-0.1279918602954234,9.717818367947077,1.243477067405248,37.962642098946624,1.2760322143985022e-14,61.058853587324975,0.8041965760467868,75.92528419789326,37.96264209894663,0.013170843027647797,75.92528419789326,7.105427357601002e-15,1.8716893674263418e-16,1.0126194773063222,1.0613043386379457,1.0746974446544886,1.0746974446544886
-14.48999999999999,9.720331698608506,-0.1278294841377403,9.720331698608506,1.2450566014989224,38.02069516346691,3.110606378280845e-15,61.074645309608954,0.8031763365585958,76.04139032693382,38.02069516346691,0.013150732722016004,76.04139032693382,0.0,0.0,1.0128813722589043,1.062652466746284,1.076340888752286,1.0763408887522858
-14.49999999999999,9.72284464838195,-0.1276671512746223,9.72284464838195,1.2466397307600314,38.07888149500308,7.659130848998449e-15,61.09043463870314,0.8021563690981804,76.15776299000618,38.07888149500309,0.013130637780566445,76.15776299000618,7.105427357601002e-15,1.8659758581757227e-16,1.0131432275220644,1.0640036633203758,1.0779881055517058,1.0779881055517058
-14.50999999999999,9.725357218154237,-0.1275048616308579,9.725357218154237,1.2482264680437691,38.13720156926379,5.347542221830668e-15,61.106221580179636,0.801136673192973,76.27440313852757,38.13720156926379,0.013110558180099112,76.27440313852757,0.0,0.0,1.0134050431882125,1.0653579393320947,1.0796391085197468,1.0796391085197465
-14.519999999999987,9.727869408814508,-0.1273426151518162,9.727869408814508,1.249816826065279,38.19565585808437,3.0287934084557967e-15,61.122006139625086,0.8001172484997165,76.39131171616873,38.195655858084365,0.0130904938995614,76.39131171616873,-7.105427357601002e-15,-1.8602710695690515e-16,1.0136668193499987,1.0667153056337815,1.0812939110137576,1.0812939110137572
-14.529999999999989,9.730381221248011,-0.1271804117679297,9.730381221248011,1.251410817746923,38.25424484001261,2.0009055870760584e-14,61.137788322601665,0.7990980945813059,76.50848968002524,38.25424484001261,0.01307044491640356,76.50848968002524,0.0,0.0,1.0139285560996683,1.068075773254637,1.0829525265811113,1.0829525265811113
-14.539999999999988,9.732892656342502,-0.1270182514310606,9.732892656342502,1.25300845586177,38.31296898944104,2.929495491068304e-15,61.1535681346873,0.7980792111352826,76.62593797888208,38.31296898944104,0.013050411210308414,76.62593797888208,0.0,0.0,1.0141902535297274,1.0694393530964421,1.0846149686515485,1.0846149686515483
-14.549999999999988,9.735403714974614,-0.1268561340376831,9.735403714974614,1.254609753790997,38.3718287997121,5.558049685633555e-15,61.16934558139006,0.7970605975111748,76.7436575994242,38.3718287997121,0.013030392755316146,76.7436575994242,0.0,0.0,1.0144519117315232,1.0708060565799948,1.0862812511912696,1.0862812511912694
-14.559999999999988,9.73791439803466,-0.126694059568392,9.73791439803466,1.2562147241479795,38.43082474114712,2.0471501066083613e-15,61.18512066830392,0.7960422535870564,76.86164948229424,38.43082474114712,0.01301038953412467,76.86164948229424,0.0,0.0,1.0147135307978281,1.0721758944707773,1.0879513875147622,1.0879513875147622
-14.569999999999988,9.740424706405005,-0.126532027966024,9.740424706405005,1.2578233799795822,38.48995729769094,7.285508168090421e-15,61.20089340097296,0.7950241790037587,76.97991459538191,38.48995729769096,0.012990401525594716,76.97991459538191,1.4210854715202004e-14,3.6920941754473003e-16,1.0149751108205873,1.0735488779042535,1.089625391322187,1.089625391322187
-14.579999999999988,9.742934640961398,-0.1263700391438988,9.742934640961398,1.2594357346891696,38.5492269645775,2.9893669801409084e-15,61.21666378489967,0.7940063732166543,77.098453929155,38.5492269645775,0.012970428705598818,77.098453929155,0.0,0.0,1.0152366518910554,1.0749250183201595,1.0913032766332904,1.0913032766332902
-14.589999999999987,9.74544420258868,-0.1262080930727335,9.74544420258868,1.261051801172327,38.60863422194483,2.886579864025407e-15,61.232431825643665,0.7929888360417532,77.21726844388967,38.60863422194483,0.012950471055922617,77.21726844388967,0.0,0.0,1.015498154101435,1.0763043267248422,1.0929850570404653,1.0929850570404651
-14.599999999999987,9.747953392162255,-0.1260461896781733,9.747953392162255,1.2626715928363783,38.668179565963726,3.887762621811037e-15,61.24819752870529,0.7919715670118697,77.33635913192744,38.66817956596372,0.012930528553770013,77.33635913192744,-7.105427357601002e-15,-1.837538626683967e-16,1.0157596175429455,1.077686814561417,1.0946707465899805,1.09467074658998
-14.609999999999989,9.75046221056018,-0.1258843289074406,9.75046221056018,1.2642951229371664,38.727863488589726,4.0412728104402654e-15,61.26396089960151,0.7909545657953935,77.45572697717944,38.72786348858972,0.012910601178588475,77.45572697717944,-7.105427357601002e-15,-1.8347067763483655e-16,1.0160210423070821,1.0790724931437097,1.096360359208774,1.0963603592087736
-14.619999999999989,9.75297065865736,-0.1257225106975736,9.75297065865736,1.2659224048964763,38.78768648726003,1.3420387677830782e-14,61.27972194382953,0.7899378319967227,77.57537297452005,38.787686487260025,0.012890688908817158,77.57537297452005,-7.105427357601002e-15,-1.8318770726206645e-16,1.016282428485012,1.080461373927178,1.0980539089789658,1.0980539089789654
-14.629999999999988,9.755478737331128,-0.1255607350056592,9.755478737331128,1.267553451998524,38.84764905562009,5.000935501067265e-15,61.2954806669018,0.7889213653462279,77.69529811124018,38.84764905562009,0.012870791724979945,77.69529811124018,0.0,0.0,1.016543776168156,1.0818534682498648,1.0997514098753343,1.099751409875334
-14.639999999999986,9.757986447456082,-0.1253990017806787,9.757986447456082,1.2691882776726993,38.9077516921653,1.6323299197467428e-14,61.31123707431358,0.7879051655233471,77.8155033843306,38.9077516921653,0.012850909606804213,77.8155033843306,0.0,0.0,1.0168050854476482,1.083248787573718,1.1014528760099562,1.101452876009956
-14.649999999999986,9.760493789903196,-0.1252373109590527,9.760493789903196,1.2708268955401978,38.96799490167297,1.1677018394038151e-14,61.32699117153735,0.786889232128601,77.93598980334593,38.96799490167297,0.012831042532766656,77.93598980334593,0.0,0.0,1.017066356414247,1.0846473435243917,1.1031583216727456,1.1031583216727454
-14.659999999999986,9.763000765544165,-0.1250756624878877,9.763000765544165,1.2724693191795633,39.02837918803592,1.0438458340849583e-14,61.342742964050146,0.7858735648296491,78.05675837607184,39.02837918803592,0.012811190482470102,78.05675837607184,0.0,0.0,1.0173275891587847,1.0860491476911365,1.104867761128577,1.1048677611285769
-14.669999999999986,9.765507375254092,-0.1249140563390209,9.765507375254092,1.2741155619824198,39.088905049845536,9.110765053448276e-15,61.3584924573504,0.7848581634495395,78.17781009969107,39.088905049845536,0.012791353438076818,78.17781009969107,0.0,0.0,1.0175887837724493,1.0874542115036674,1.106581208492245,1.1065812084922448
-14.679999999999986,9.768013619900684,-0.1247524924516496,9.768013619900684,1.275765637737291,39.14957299825685,6.3255925038362375e-15,61.37423965689006,0.783843027606237,78.29914599651369,39.14957299825684,0.012771531378446012,78.29914599651369,-7.105427357601002e-15,-1.8149437690973982e-16,1.0178499403456576,1.0888625467304522,1.1082986782342121,1.1082986782342117
-14.689999999999984,9.770519500348144,-0.124590970753434,9.770519500348144,1.277419560417934,39.21038355052245,4.125789526923561e-15,61.38998456809909,0.7828281568452181,78.42076710104489,39.210383550522444,0.012751724281292778,78.42076710104489,-7.105427357601002e-15,-1.8121290112976533e-16,1.0181110589684617,1.0902741652980554,1.1100201849975595,1.110020184997559
-14.699999999999983,9.7730250174732,-0.1244294912442026,9.7730250174732,1.2790773433248332,39.27133720370546,1.767182481642117e-14,61.40572719648613,0.7818135511654052,78.54267440741094,39.27133720370547,0.012731932131733528,78.54267440741094,1.4210854715202004e-14,3.618632755357547e-16,1.0183721397322187,1.0916890785584048,1.111745742853817,1.1117457428538173
-14.709999999999985,9.775530172132864,-0.1242680538273863,9.775530172132864,1.2807390008132615,39.332434487593645,1.5553031891404225e-15,61.421467547435945,0.7807992099600356,78.66486897518728,39.33243448759364,0.012712154905074883,78.66486897518728,-7.105427357601002e-15,-1.8065058647316166e-16,1.0186331827262314,1.0931072987636872,1.1134753668009287,1.1134753668009283
-14.719999999999985,9.778034965196609,-0.124106658477956,9.778034965196609,1.2824045465712428,39.393675911971286,3.420135685938544e-15,61.43720562641159,0.7797851330718484,78.78735182394257,39.39367591197128,0.01269239258395929,78.78735182394257,-7.105427357601002e-15,-1.8036974699895278e-16,1.0188941880411009,1.0945288375965938,1.115209071270552,1.1152090712705518
-14.729999999999984,9.78053939752853,-0.1239453051494293,9.78053939752853,1.2840739945737918,39.4550619958418,6.8519741543802015e-15,61.452941438842345,0.7787713202087849,78.91012399168359,39.455061995841795,0.01267264514887077,78.91012399168359,-7.105427357601002e-15,-1.8008911906791195e-16,1.0191551557668679,1.0959537069847627,1.1169468709553325,1.116946870955332
-14.739999999999984,9.783043469989648,-0.1237839937860223,9.783043469989648,1.2857473589599686,39.51659326366941,1.0422061570319431e-14,61.468674990138155,0.7777577710203445,79.03318652733881,39.51659326366941,0.012652912579376821,79.03318652733881,0.0,0.0,1.0194160859932526,1.0973819189958434,1.1186887807025077,1.1186887807025074
-14.749999999999984,9.785547183450724,-0.123622724388025,9.785547183450724,1.287424653353718,39.578270224558416,1.0099979000294611e-14,61.48440628577017,0.7767444855083504,79.15654044911682,39.57827022455841,0.012633194860793812,79.15654044911682,-7.105427357601002e-15,-1.795284967555774e-16,1.0196769788109905,1.0988134852578364,1.120434814924486,1.1204348149244856
-14.759999999999984,9.788050538760936,-0.1234614968521622,9.788050538760936,1.2891058925235117,39.640093423140414,7.2164496600635185e-16,61.50013533107395,0.7757314630239045,79.28018684628084,39.64009342314042,0.01261349196791041,79.28018684628084,7.105427357601002e-15,1.7924850180734229e-16,1.019937834308568,1.1002484183755925,1.1221849890394295,1.1221849890394295
-14.769999999999984,9.790553536783875,-0.1233003111551201,9.790553536783875,1.2907910904755755,39.70206338111628,5.375130756895088e-15,61.51586213147558,0.7747187034205223,79.40412676223252,39.70206338111626,0.01259380388369986,79.40412676223252,-2.1316282072803006e-14,-5.369061519090162e-16,1.0201986525759734,1.1016867303033882,1.1239393178163473,1.1239393178163464
-14.779999999999983,9.793056178385887,-0.1231391672932326,9.793056178385887,1.292480261076461,39.764180616332965,1.55130577703719e-14,61.53158669241848,0.7737062066751684,79.52836123266593,39.764180616332965,0.01257413059316573,79.52836123266593,0.0,0.0,1.0204594337034818,1.1031284328762874,1.1256978159151458,1.1256978159151456
-14.789999999999983,9.795558464418706,-0.1229780651956749,9.795558464418706,1.2941734189642526,39.82644567074882,7.947987303456223e-15,61.54730901925424,0.7726939723428378,79.65289134149765,39.826445670748825,0.012554472074499811,79.65289134149765,7.105427357601002e-15,1.7840977867677755e-16,1.0207201777798458,1.1045735385878563,1.12746049867831,1.12746049867831
-14.799999999999985,9.798060395735323,-0.1228170048045507,9.798060395735323,1.2958705787132028,39.88885908481412,1.0206959624866795e-14,61.56302911734238,0.7716820000597577,79.77771816962822,39.888859084814115,0.012534828307244127,79.77771816962822,-7.105427357601002e-15,-1.781306239542477e-16,1.0209808848939492,1.1060220598771802,1.1292273814056324,1.1292273814056317
-14.809999999999985,9.80056197319972,-0.1226559861227387,9.80056197319972,1.2975717543262264,39.95142138188245,3.204296758965566e-15,61.578746992111455,0.7706702898440151,79.9028427637649,39.95142138188245,0.012515199277158754,79.9028427637649,0.0,0.0,1.021241555135821,1.1074740086957091,1.1309984789129082,1.130998478912908
-14.819999999999984,9.803063197657837,-0.1224950090698863,9.803063197657837,1.2992769607543244,40.01413311486411,1.4699453470135983e-14,61.59446264887665,0.7696588411907401,80.0282662297282,40.0141331148641,0.012495584961561102,80.0282662297282,-7.105427357601002e-15,-1.775729424702078e-16,1.02150218859361,1.1089293978040826,1.132773806852665,1.1327738068526645
-14.829999999999982,9.80556406996696,-0.1223340736280046,9.80556406996696,1.300986212360231,40.07699481905537,6.678201444714463e-15,61.61017609302447,0.7686476539869043,80.15398963811076,40.07699481905538,0.012475985344147246,80.15398963811076,7.105427357601002e-15,1.77294415154666e-16,1.0217627853566478,1.1103882394608555,1.1345533803787882,1.1345533803787882
-14.830499999999985,9.805689104355086,-0.1223260279538305,9.805689104355086,1.301071781321675,40.08014184869977,6.997928685112698e-15,61.61096170725483,0.7685971015251475,80.16028369739955,40.080141848699775,0.012475005749417534,80.16028369739955,7.105427357601002e-15,1.772804942762823e-16,1.02177581423329,1.110461272339719,1.1346424707194518,1.1346424707194518
-14.830999999999984,9.80581413786781,-0.1223179823969441,9.80581413786781,1.3011573602923616,40.08328925033344,8.440616121040728e-15,61.61174731598488,0.7685465498003304,80.16657850066689,40.08328925033344,0.012474026192744165,80.16657850066689,0.0,0.0,1.0217888430187134,1.110534313761444,1.1347315715908872,1.134731571590887
-14.831499999999984,9.80593917049682,-0.122309936916199,9.80593917049682,1.30124294971177,40.086437037472194,1.1102230246251564e-14,61.612532919162405,0.7684959985539239,80.17287407494442,40.08643703747221,0.012473046669939945,80.17287407494442,1.4210854715202004e-14,3.5450530816490154e-16,1.021801871712052,1.1106073641011251,1.1348206833757182,1.1348206833757184
-14.831999999999985,9.806064202250962,-0.1223018915543057,9.806064202250962,1.3013285491273512,40.089585196222295,1.422645865968639e-14,61.61331851684295,0.7684454480542849,80.1791703924446,40.0895851962223,0.012472067185347572,80.1791703924446,7.105427357601002e-15,1.7723873476921275e-16,1.021814900314227,1.110680422972513,1.134909805680622,1.134909805680622
-14.832499999999984,9.806189233126275,-0.1222938462913786,9.806189233126275,1.301414158752445,40.09273373315099,3.3514211068838185e-15,61.614104109001666,0.768394898176469,80.18546746630196,40.092733733150986,0.012471087736942497,80.18546746630196,-7.105427357601002e-15,-1.7722481597022712e-16,1.0218279288248262,1.1107534905576923,1.1349989386915134,1.134998938691513
-14.832999999999986,9.80631426312502,-0.1222858011379191,9.80631426312502,1.3014997784770903,40.0958826448912,5.816763469748015e-15,61.61488969565274,0.7683443489864585,80.1917652897824,40.0958826448912,0.012470108325791084,80.1917652897824,0.0,0.0,1.0218409572440847,1.1108265667628119,1.1350880823130722,1.135088082313072
-14.833499999999988,9.80643929224176,-0.1222777560668879,9.80643929224176,1.3015854085908718,40.099031940353385,6.841172296658325e-15,61.61567527676201,0.76829380031436,80.19806388070677,40.09903194035338,0.01246912894914125,80.19806388070677,-7.105427357601002e-15,-1.7719697992136573e-16,1.0218539855714364,1.1108996518350311,1.1351772367975481,1.135177236797548
-14.833999999999987,9.80656432048363,-0.1222697111125799,9.80656432048363,1.3016710487305665,40.10218160838798,6.688345087110205e-15,61.61646085237431,0.7682432523756549,80.20436321677596,40.10218160838798,0.01246814961047948,80.20436321677596,0.0,0.0,1.0218670138076247,1.1109727454643403,1.135266401829304,1.1352664018293037
-14.834499999999988,9.806689347846971,-0.122261666256625,9.806689347846971,1.3017566990935,40.10533165507048,1.793620188084545e-15,61.61724642246665,0.7681927050549207,80.21066331014094,40.10533165507047,0.012467170307935493,80.21066331014094,-7.105427357601002e-15,-1.771691459557515e-16,1.0218800419522678,1.1110458478191565,1.1353555775803332,1.1353555775803328
-14.834999999999988,9.806814374335804,-0.1222536215180954,9.806814374335804,1.301842359478389,40.10848207422731,3.828257633024338e-15,61.61803198706429,0.7681421584719915,80.21696414845462,40.10848207422731,0.012466191043447324,80.21696414845462,0.0,0.0,1.0218930700057853,1.1111189587276848,1.1354447638758658,1.1354447638758656
-14.835499999999987,9.80693939994396,-0.1222455768663889,9.80693939994396,1.301928030212883,40.11163287593904,6.3041216349638655e-15,61.61881754612848,0.7680916124345877,80.2232657518781,40.111632875939044,0.01246521181390062,80.2232657518781,7.105427357601002e-15,1.7714131408156143e-16,1.0219060979675345,1.1111920784695732,1.135533961001276,1.1355339610012762
-14.83599999999999,9.807064424682071,-0.1222375323528306,9.807064424682071,1.3020137107521528,40.11478404347456,7.785228687832109e-15,61.619603099726014,0.7680410672651947,80.22956808694913,40.114784043474565,0.01246423262451377,80.22956808694913,7.105427357601002e-15,1.7712739896344617e-16,1.0219191258386227,1.1112652065798114,1.1356231684829174,1.1356231684829174
-14.83649999999999,9.80718944853503,-0.1222294879032357,9.80718944853503,1.302099401888127,40.1179356011824,6.445272572083738e-15,61.62038864776197,0.767990522497696,80.23587120236479,40.117935601182396,0.012463253467739839,80.23587120236479,-7.105427357601002e-15,-1.7711348430878836e-16,1.021932153617476,1.1113383437343083,1.135712387010081,1.1357123870100805
-14.83699999999999,9.807314471516335,-0.1222214435828843,9.807314471516335,1.30218510292725,40.12108752776069,8.795496234218198e-15,61.62117419032116,0.7679399785422577,80.24217505552136,40.12108752776068,0.012462274350216422,80.24217505552136,-1.4210854715202004e-14,-3.54199140423828e-16,1.0219451813055007,1.1114114893411162,1.1358016159797244,1.1358016159797237
-14.837499999999991,9.80743949361928,-0.1222133993585671,9.80743949361928,1.3022708142250734,40.12423983414785,1.0560112026483783e-14,61.62195972736146,0.7678894351902203,80.24847966829569,40.12423983414784,0.012461295268564158,80.24847966829569,-7.105427357601002e-15,-1.7708565662479933e-16,1.0219582089019985,1.1114846437036974,1.135890855701507,1.1358908557015066
-14.837999999999992,9.807564514845808,-0.1222053552392141,9.807564514845808,1.3023565356882534,40.127392517487166,1.2443539932062048e-14,61.622745258895065,0.7678388924976924,80.25478503497432,40.12739251748716,0.012460316223689451,80.25478503497432,-7.105427357601002e-15,-1.7707174356032524e-16,1.0219712364071716,1.111557806742383,1.1359801060945576,1.1359801060945571
-14.838499999999993,9.80768953519411,-0.122197311215527,9.80768953519411,1.3024422674176834,40.1305455808912,5.421936431859633e-15,61.62353078491061,0.7677883504062507,80.26109116178239,40.1305455808912,0.012459337214644872,80.26109116178239,0.0,0.0,1.0219842638208314,1.1116309785432856,1.1360693672469904,1.13606936724699
-14.838999999999992,9.807814554670156,-0.1221892673160371,9.807814554670156,1.3025280091110467,40.13369901508076,1.342635627393543e-14,61.62431630544562,0.7677378090951634,80.26739803016149,40.133699015080744,0.01245835824433025,80.26739803016149,-1.4210854715202004e-14,-3.540878380002324e-16,1.0219972911436,1.1117041588483783,1.1361586388961178,1.1361586388961171
-14.839499999999994,9.80793957326261,-0.1221812234850212,9.80793957326261,1.3026137613641335,40.13685283837828,1.6622600819525912e-14,61.62510182042885,0.7676872682143109,80.27370567675655,40.13685283837827,0.012457379307076794,80.27370567675655,-1.4210854715202004e-14,-3.540600149300642e-16,1.0220103183742963,1.1117773481661668,1.1362479215606358,1.1362479215606354
-14.839999999999982,9.808064590986667,-0.1221731797959491,9.808064590986667,1.3026995233954972,40.14000702677901,1.2576920825403051e-14,61.62588732995579,0.7676367282253176,80.280014053558,40.14000702677901,0.012456400410354437,80.280014053558,0.0,0.0,1.0220233455145038,1.1118505458296883,1.1363372145609856,1.1363372145609851
-14.839999999999996,9.808064590989526,-0.1221731798098374,9.808064590989526,1.3026995232474103,40.140007022227714,1.9812504575273382e-14,61.62588732997374,0.7676367283125801,80.28001404445543,40.140007022227714,0.012456400411766813,80.28001404445543,0.0,0.0,1.0220233455148016,1.1118505457032966,1.1363372144321415,1.1363372144321413
-14.840499999999995,9.808189607833173,-0.1221651362036806,9.808189607833173,1.3027852956881507,40.14316159513954,8.126840123743213e-15,61.6266728339689,0.7675861888445594,80.28632319027909,40.143161595139546,0.0124554215495707,80.28632319027909,7.105427357601002e-15,1.7700218605754547e-16,1.0220363725632682,1.1119237522511933,1.1364265183177478,1.1364265183177478
-14.840999999999996,9.80831462379764,-0.1221570926859484,9.80831462379764,1.3028710784814108,40.14631655082716,1.4899445311747733e-14,61.62745833244001,0.7675356499321263,80.29263310165432,40.14631655082716,0.012454442722459384,80.29263310165432,0.0,0.0,1.022049399520122,1.1119969676349377,1.1365158330394851,1.136515833039485
-14.841499999999996,9.808439638891828,-0.1221490492993867,9.808439638891828,1.3029568711730806,40.149471875345455,4.121305784037373e-15,61.62824382544298,0.7674851118438618,80.29894375069091,40.149471875345455,0.012453463934778045,80.29894375069091,0.0,0.0,1.022062426386291,1.112070191466948,1.1366051582025765,1.1366051582025762
-14.841999999999995,9.808564653111066,-0.1221410060207744,9.808564653111066,1.30304267401257,40.15262757637173,1.0081045149458744e-14,61.62902931294849,0.7674345744338633,80.30525515274347,40.15262757637173,0.012452485184163406,80.30525515274347,0.0,0.0,1.022075453161288,1.1121434239600954,1.1366944940243613,1.1366944940243613
-14.842499999999998,9.808689666453336,-0.1221329628397363,9.808689666453336,1.303128487112357,40.15578365737496,7.355384643495589e-15,61.62981479494384,0.7673840376369419,80.31156731474992,40.15578365737496,0.012451506469558605,80.31156731474992,0.0,0.0,1.0220884798449028,1.112216665210379,1.136783840603044,1.1367838406030437
-14.842999999999998,9.808814678916008,-0.1221249197430216,9.808814678916008,1.303214310615665,40.15894012276924,1.6382092209071374e-14,61.63060027141251,0.7673335013698396,80.31788024553848,40.15894012276924,0.012450527789614422,80.31788024553848,0.0,0.0,1.0221015064368615,1.11228991534004,1.1368731980635844,1.1368731980635842
-14.8435,9.808939690506554,-0.1221168767664107,9.808939690506554,1.3033001441425027,40.162096960887,6.653932544407802e-15,61.631385742401456,0.7672829658573721,80.324193921774,40.162096960887006,0.012449549147967528,80.324193921774,7.105427357601002e-15,1.7691873421153343e-16,1.0221145329379424,1.1123631740247568,1.1369625660756817,1.1369625660756815
-14.844,9.8090647012221,-0.122108833895406,9.8090647012221,1.3033859878493448,40.16525417654953,1.11776083019709e-14,61.63217120789262,0.7672324310084478,80.33050835309906,40.16525417654953,0.012448570543141859,80.33050835309906,0.0,0.0,1.0221275593478465,1.1124364413980798,1.1370519447758234,1.1370519447758232
-14.8445,9.809189711058288,-0.1221007911083234,9.809189711058288,1.303471841969466,40.16841177693897,6.313890172061934e-15,61.63295666785861,0.7671818966868217,80.33682355387793,40.16841177693897,0.012447591972930687,80.33682355387793,0.0,0.0,1.0221405856661194,1.1125097176591088,1.137141334367331,1.1371413343673307
-14.845,9.809314720023195,-0.1220927484438722,9.809314720023195,1.3035577060914565,40.17156974942158,8.253259372701657e-15,61.63374212235018,0.7671313631357114,80.34313949884317,40.171569749421586,0.012446613441268356,80.34313949884317,7.105427357601002e-15,1.768770153101451e-16,1.0221536118936028,1.112583002456706,1.1372307344925514,1.1372307344925514
-14.8455,9.809439728112723,-0.1220847058816141,9.809439728112723,1.3036435804352782,40.1747281007703,7.625058288637365e-15,61.63452757134158,0.7670808302266993,80.3494562015406,40.1747281007703,0.012445634946074795,80.3494562015406,0.0,0.0,1.0221666380298695,1.112656295978609,1.1373201453432227,1.1373201453432225
-14.846000000000002,9.80956473532828,-0.1220766634278947,9.80956473532828,1.3037294649349678,40.17788682896938,8.411542303580273e-15,61.63531301484166,0.7670302979996557,80.35577365793877,40.177886828969385,0.01244465648799344,80.35577365793877,7.105427357601002e-15,1.768492053314708e-16,1.0221796640750664,1.112729598168518,1.1374095668622797,1.1374095668622797
-14.846500000000002,9.809689741671583,-0.1220686210904913,9.809689741671583,1.303815359509233,40.18104593153185,1.1587479136846636e-14,61.636098452861205,0.7669797665034476,80.36209186306371,40.181045931531855,0.012443678067813256,80.36209186306371,7.105427357601002e-15,1.768353011444398e-16,1.0221926900293725,1.1128029089570501,1.1374989989793183,1.1374989989793183
-14.847000000000005,9.809814747131648,-0.122060578815601,9.809814747131648,1.303901264734566,40.18420542619047,4.572178254219406e-15,61.6368838853312,0.7669292354000201,80.36841085238095,40.18420542619047,0.012442699680061852,80.36841085238095,0.0,0.0,1.022205715891643,1.1128762288362402,1.1375884421963414,1.1375884421963411
-14.847500000000004,9.809939751723409,-0.1220525366751854,9.809939751723409,1.3039871798441134,40.18736528938472,1.0925406890420804e-14,61.63766931234548,0.766878705141523,80.37473057876943,40.187365289384715,0.01244172133205439,80.37473057876943,-7.105427357601002e-15,-1.7680749425685446e-16,1.0222187416634345,1.1129495571515804,1.1376778958463656,1.1376778958463651
-14.848000000000004,9.810064755435826,-0.122044494615136,9.810064755435826,1.3040731054177093,40.19052553895035,6.7725879511104466e-15,61.638454733834685,0.7668281753879809,80.3810510779007,40.19052553895035,0.01244074301828745,80.3810510779007,0.0,0.0,1.022231767343596,1.113022894397958,1.1377673604343097,1.1377673604343095
-14.848500000000003,9.810189758279774,-0.1220364526876904,9.810189758279774,1.304159040899006,40.19368615779711,1.0434324648588603e-14,61.639240149867135,0.7667776464676136,80.38737231559422,40.19368615779711,0.012439764744070525,80.38737231559422,0.0,0.0,1.0222447929332612,1.1130962401005318,1.1378568354763599,1.1378568354763596
-14.849000000000006,9.810314760248048,-0.1220284108573761,9.810314760248048,1.304244986668816,40.19684715764309,4.4367268087626334e-15,61.64002556039756,0.7667271181575397,80.39369431528618,40.1968471576431,0.012438786505795123,80.39369431528618,7.105427357601002e-15,1.767657878672697e-16,1.0222578184316788,1.1131695945843239,1.1379463213042476,1.1379463213042473
-14.849500000000006,9.810439761339026,-0.1220203691158381,9.810439761339026,1.3043309428182766,40.20000854130196,6.753223014464261e-15,61.640810965415774,0.7666765904052643,80.40001708260392,40.200008541301955,0.01243780830261004,80.40001708260392,-7.105427357601002e-15,-1.7675188676392448e-16,1.0222708438386803,1.1132429579271201,1.138035817997626,1.1380358179976258
-14.849999999999982,9.810564761557783,-0.1220123274871686,9.810564761557783,1.3044169090916882,40.20317030092515,1.5259913497390422e-14,61.641596364953664,0.766626063362162,80.4063406018503,40.20317030092515,0.012436830136962958,80.4063406018503,0.0,0.0,1.0222838691547944,1.1133163299106812,1.138125325334307,1.1381253253343069
-14.850000000000009,9.810564761560585,-0.122012327500696,9.810564761560585,1.304416908947068,40.203170296479314,4.0064286501198265e-15,61.641596364971264,0.7666260634471574,80.40634059295864,40.20317029647932,0.01243683013833827,80.40634059295864,7.105427357601002e-15,1.7673798621357085e-16,1.0222838691550862,1.1133163297872484,1.1381253252084482,1.1381253252084482
-14.850500000000007,9.810689760902266,-0.1220042859607978,9.810689760902266,1.304502885603828,40.20633244005304,1.0269562977782698e-14,61.642381758998326,0.7665755369618213,80.41266488010609,40.206332440053046,0.012435852007777417,80.41266488010609,7.105427357601002e-15,1.7672408614227805e-16,1.0222968943798068,1.1133897106329693,1.1382148434145167,1.1382148434145167
-14.851000000000008,9.810814759372866,-0.1219962445382168,9.810814759372866,1.3045888723405592,40.20949495826287,1.523070615373935e-14,61.64316714755222,0.7665250112136116,80.41898991652575,40.20949495826288,0.01243487391520326,80.41898991652575,7.105427357601002e-15,1.7671018661080864e-16,1.0223099195137588,1.1134631000819188,1.138304372226287,1.1383043722262867
-14.851500000000009,9.810939756971775,-0.1219882032294951,9.810939756971775,1.3046748691959895,40.21265785231118,6.8647792843777856e-15,61.64395253062912,0.7664744861808012,80.42531570462234,40.21265785231117,0.012433895860262396,80.42531570462234,-1.4210854715202004e-14,-3.53392575228281e-16,1.0223229445568784,1.1135364981671507,1.1383939116777975,1.1383939116777968
-14.85200000000001,9.8110647536908,-0.1219801619944239,9.8110647536908,1.304760876601974,40.21582113548633,8.784102531956821e-15,61.64473790817755,0.7664239616107501,80.43164227097267,40.21582113548634,0.012432917838865194,80.43164227097267,7.105427357601002e-15,1.7668238909415658e-16,1.0223359695083123,1.1136099052572523,1.138483462145233,1.138483462145233
-14.85250000000001,9.811189749542097,-0.1219721208913174,9.811189749542097,1.3048468939366025,40.21898478868093,1.5750402670301194e-14,61.64552328027386,0.766373437869858,80.43796957736187,40.218984788680935,0.012431939856938357,80.43796957736187,7.105427357601002e-15,1.766684911350802e-16,1.0223489943693267,1.113683320821425,1.138573023087676,1.138573023087676
-14.85300000000001,9.811314744517746,-0.12196407988138,9.811314744517746,1.3049329216166463,40.22214882471972,2.008245845991577e-14,61.64630864686834,0.7663229147143646,80.44429764943943,40.22214882471972,0.012430961910535972,80.44429764943943,0.0,0.0,1.0223620191390965,1.1137567452153818,1.1386625948681866,1.1386625948681863
-14.853500000000013,9.811439738625449,-0.1219560390013087,9.811439738625449,1.3050189592512706,40.2253132315988,1.0386520604941984e-14,61.64709400800934,0.7662723923748438,80.4506264631976,40.2253132315988,0.012429984003386888,80.4506264631976,0.0,0.0,1.0223750438184243,1.1138301781055464,1.1387521771469418,1.1387521771469415
-14.854000000000012,9.811564731850794,-0.1219479981808786,9.811564731850794,1.305105007593726,40.22847803248827,2.981791189775536e-14,61.64787936360633,0.7662218704100597,80.45695606497655,40.228478032488276,0.012429006128350246,80.45695606497655,7.105427357601002e-15,1.7662680034434073e-16,1.0223880684058084,1.113903620134816,1.1388417705798723,1.1388417705798721
-14.854500000000012,9.811689724212728,-0.1219399575112305,9.811689724212728,1.3051910656704735,40.23164319746904,6.679816236361857e-15,61.64866471377834,0.7661713493926672,80.46328639493807,40.23164319746903,0.012428028294689562,80.46328639493807,-7.105427357601002e-15,-1.7661290449225305e-16,1.022401092903223,1.1139770704722778,1.138931374319988,1.1389313743199876
-14.855000000000013,9.811814715695911,-0.1219319169176459,9.811814715695911,1.30527713428298,40.234808751193945,1.115097306002763e-14,61.649450058429,0.7661208288531951,80.4696175023879,40.23480875119395,0.012427050494807253,80.4696175023879,7.105427357601002e-15,1.7659900912018507e-16,1.0224141173090697,1.1140505298019818,1.1390209890651948,1.1390209890651948
-14.855500000000012,9.811939706304562,-0.1219238764200125,9.811939706304562,1.3053632132202428,40.23797468718783,1.1201704679945691e-14,61.65023539758481,0.7660703089166023,80.47594937437566,40.23797468718783,0.012426072730723324,80.47594937437566,0.0,0.0,1.022427141623788,1.1141239979438373,1.1391106146321852,1.1391106146321848
-14.856000000000014,9.812064696038846,-0.1219158360186183,9.812064696038846,1.3054493024810172,40.24114100542444,4.7236695442942186e-15,61.65102073124681,0.7660197895846983,80.48228201084888,40.24114100542444,0.012425095002465284,80.48228201084888,0.0,0.0,1.0224401658473954,1.1141974748967824,1.1392002510202157,1.1392002510202155
-14.856500000000016,9.8121896849042,-0.1219077957392256,9.8121896849042,1.3055354017912475,40.24430769748952,8.29404220664454e-15,61.65180605944916,0.7659692710193531,80.48861539497902,40.24430769748951,0.012424117312650173,80.48861539497902,-7.105427357601002e-15,-1.7655732609469751e-16,1.022453189980458,1.1142709604269112,1.1392898979910846,1.1392898979910842
-14.857000000000015,9.812314672899117,-0.1218997555740183,9.812314672899117,1.3056215112363816,40.24747476602205,6.954641202201828e-15,61.6525913821824,0.7659187531714549,80.4949495320441,40.24747476602205,0.012423139660481577,80.4949495320441,0.0,0.0,1.0224662140228193,1.114344454607153,1.1393795556194994,1.1393795556194992
-14.857500000000016,9.812439660019578,-0.1218917155030719,9.812439660019578,1.3057076310316127,40.25064221765048,1.2338968948322032e-14,61.653376699421266,0.7658682359158157,80.50128443530097,40.25064221765049,0.012422162043932377,80.50128443530097,7.105427357601002e-15,1.765295400550198e-16,1.0224792379740602,1.1144179576211748,1.1394692240931075,1.1394692240931075
-14.858000000000017,9.812564646267194,-0.1218836755336374,9.812564646267194,1.3057937611011063,40.25381005005516,1.2053591726811642e-14,61.65416201117589,0.7658177192979948,80.50762010011033,40.25381005005516,0.012421184463737857,80.50762010011033,0.0,0.0,1.0224922618343484,1.1144914694042523,1.1395589033462408,1.1395589033462408
-14.858500000000015,9.81268963164232,-0.1218756356669397,9.81268963164232,1.305879901433557,40.25697826290038,7.154696162511531e-15,61.65494731744849,0.765767203325688,80.51395652580078,40.25697826290039,0.012420206920020743,80.51395652580078,7.105427357601002e-15,1.7650175607316133e-16,1.0225052856037211,1.1145649899467358,1.139648593369396,1.1396485933693958
-14.859000000000018,9.812814616146296,-0.1218675959089157,9.812814616146296,1.3059660519671554,40.26014685429762,7.427093314020058e-15,61.6557326182475,0.7657166880361984,80.52029370859525,40.26014685429762,0.012419229413382698,80.52029370859525,0.0,0.0,1.0225183092823182,1.1146385191958719,1.1397382941091099,1.1397382941091097
-14.859500000000018,9.812939599777858,-0.121859556252952,9.812939599777858,1.3060522127745706,40.26331582649324,1.7554167342883507e-14,61.65651791356496,0.7656661733879728,80.52663165298647,40.26331582649323,0.012418251943149708,80.52663165298647,-7.105427357601002e-15,-1.7647397418087544e-16,1.0225313328700074,1.1147120572136826,1.1398280056289753,1.1398280056289751
-14.859999999999982,9.81306458253366,-0.1218515166824398,9.81306458253366,1.3061383840356522,40.26648518502942,1.6890812835436534e-14,61.65730320337987,0.7656156592766545,80.53297037005882,40.26648518502941,0.01241727450763182,80.53297037005882,-7.105427357601002e-15,-1.7646008398673725e-16,1.0225443563664405,1.1147856041536697,1.1399177280858883,1.1399177280858879
-14.86000000000002,9.81306458253304,-0.121851516679403,9.81306458253304,1.3061383840682048,40.26648518603042,6.0208490917174056e-15,61.657303203375974,0.7656156592575732,80.53297037206084,40.26648518603042,0.01241727450732313,80.53297037206084,0.0,0.0,1.0225443563663759,1.1147856041814534,1.139917728114226,1.1399177281142259
-14.86050000000002,9.813189564423055,-0.1218434772418319,9.813189564423055,1.3062245652757305,40.269654915322526,1.6677382853692214e-14,61.65808848775099,0.765565145981549,80.53930983064505,40.269654915322526,0.01241629711134552,80.53930983064505,0.0,0.0,1.0225573797725922,1.1148591596107038,1.1400074610669957,1.1400074610669955
-14.86100000000002,9.813314545435436,-0.1218354378796057,9.813314545435436,1.306310757048927,40.27282503442336,8.261282845494494e-15,61.65887376661165,0.7655146331789302,80.5456500688467,40.27282503442334,0.0124153197490522,80.5456500688467,-2.1316282072803006e-14,-5.292969155896768e-16,1.0225704030873566,1.1149327240577258,1.1400972050549942,1.1400972050549936
-14.86150000000002,9.813439525578634,-0.1218273986329453,9.813439525578634,1.306396958958423,40.275995530141856,4.4533645926784386e-15,61.65965904001108,0.7654641211024327,80.5519910602837,40.275995530141856,0.012414342424529488,80.5519910602837,0.0,0.0,1.0225834263115503,1.1150062971560524,1.140186959704791,1.1401869597047904
-14.86200000000002,9.813564504851326,-0.1218193594949768,9.813564504851326,1.3064831710797002,40.27916640481099,2.288783399261119e-15,61.66044430794096,0.7654136097088665,80.55833280962196,40.27916640481098,0.012413365137076906,80.55833280962196,-7.105427357601002e-15,-1.764045284897535e-16,1.0225964494450352,1.1150798789701069,1.1402767250824313,1.1402767250824308
-14.862500000000022,9.813689483253892,-0.1218113204669905,9.813689483253892,1.3065693934007103,40.282337658072144,1.792829721481184e-14,61.661229570403684,0.7653630990063389,80.56467531614427,40.282337658072144,0.01241238788682378,80.56467531614427,0.0,0.0,1.022609472487851,1.1151534694896057,1.140366501177763,1.1403665011777626
-14.863000000000024,9.813814460783163,-0.1218032815332304,9.813814460783163,1.3066556260922624,40.285509295189854,9.318601254079482e-15,61.66201482737932,0.7653125888958522,80.5710185903797,40.28550929518985,0.012411410672166947,80.5710185903797,-7.105427357601002e-15,-1.763767538728721e-16,1.0226224954396672,1.1152270688603345,1.1404562881398213,1.1404562881398208
-14.863500000000023,9.813939437442654,-0.1217952427100778,9.813939437442654,1.3067418689804562,40.28868131082845,1.6958543134584e-14,61.66280007888998,0.7652620794803324,80.57736262165692,40.28868131082846,0.012410433494769514,80.57736262165692,7.105427357601002e-15,1.7636286734684625e-16,1.0226355183008504,1.1153006769338696,1.1405460858175573,1.1405460858175571
-14.864000000000024,9.814064413226337,-0.1217872039680302,9.814064413226337,1.3068281223836484,40.29185371479002,8.525616508213924e-15,61.66358532489777,0.7652115705744108,80.58370742958004,40.29185371479002,0.012409456351631293,80.58370742958004,0.0,0.0,1.0226485410707722,1.1153742939819276,1.1406358944884614,1.1406358944884611
-14.864500000000024,9.814189388141145,-0.1217791653399217,9.814189388141145,1.3069143859513794,40.29502649630925,4.179219242832202e-15,61.664370565446255,0.7651610623843899,80.59005299261851,40.295026496309255,0.012408479246087517,80.59005299261851,7.105427357601002e-15,1.7633509580274904e-16,1.0226615637501555,1.1154479197053921,1.1407257138477744,1.1407257138477742
-14.865000000000023,9.814314362190062,-0.1217711268396231,9.814314362190062,1.307000659536542,40.29819965087397,1.2709508105967211e-14,61.66515580055419,0.7651105549974219,80.59639930174794,40.29819965087397,0.012407502179546033,80.59639930174794,0.0,0.0,1.0226745863393107,1.1155215539787078,1.14081554376776,1.1408155437677598
-14.865500000000026,9.814439335362833,-0.121763088417252,9.814439335362833,1.3070869436763188,40.3013731950161,3.678844234973531e-15,61.665941030157136,0.7650600481000869,80.6027463900322,40.3013731950161,0.012406525146935512,80.6027463900322,0.0,0.0,1.0226876088371695,1.1155951972603582,1.1409053847164263,1.140905384716426
-14.866000000000026,9.814564307669162,-0.1217550501189807,9.814564307669162,1.3071732378769252,40.30454711356216,1.9988100263092073e-14,61.66672625431607,0.7650095419824938,80.60909422712433,40.304547113562165,0.012405548152946592,80.60909422712433,7.105427357601002e-15,1.762934424639666e-16,1.0227006312447429,1.1156688491288995,1.1409952362642217,1.1409952362642217
-14.866500000000029,9.814689279102009,-0.1217470119104388,9.814689279102009,1.307259542509142,40.30772141792696,1.3377266068096272e-14,61.667511472986746,0.7649590364286875,80.61544283585391,40.307721417926956,0.01240457119408451,80.61544283585391,-7.105427357601002e-15,-1.762795590435148e-16,1.0227136535612975,1.1157425099007925,1.1410850987342922,1.1410850987342918
-14.867000000000028,9.81481424966534,-0.1217389738101854,9.81481424966534,1.3073458573755403,40.31089610205081,1.6394126252994624e-14,61.6682966861941,0.7649085315552776,80.62179220410162,40.310896102050805,0.012403594272233571,80.62179220410162,-7.105427357601002e-15,-1.7626567614902299e-16,1.0227266757872466,1.1158161794075319,1.1411749719550917,1.1411749719550912
-14.867500000000028,9.814939219358765,-0.1217309358158375,9.814939219358765,1.3074321825035111,40.31407116678804,9.685065410798003e-15,61.66908189393567,0.7648580273472919,80.62814233357606,40.31407116678804,0.012402617387149808,80.62814233357606,0.0,0.0,1.0227396979225494,1.1158898576724958,1.1412648559508054,1.141264855950805
-14.868000000000029,9.815064188178892,-0.1217228979105708,9.815064188178892,1.3075185180755853,40.317246617764425,2.5517021683543648e-15,61.66986709619015,0.7648075236990195,80.63449323552884,40.317246617764425,0.0124016405371217,80.63449323552884,0.0,0.0,1.0227527199668525,1.115963544851474,1.141354750880696,1.1413547508806956
-14.86850000000003,9.81518915612702,-0.1217148601001255,9.81518915612702,1.3076048640319735,40.32042245315326,6.758924343478424e-15,61.6706522929657,0.7647570206465277,80.64084490630653,40.32042245315326,0.012400663722730848,80.64084490630653,0.0,0.0,1.0227657419202913,1.1160372408934363,1.1414446566930505,1.1414446566930503
-14.86900000000003,9.81531412320957,-0.1217068224148175,9.81531412320957,1.3076912200487998,40.32359866300551,1.189973167660022e-14,61.67143748430265,0.7647065183802966,80.64719732601102,40.323598663005505,0.012399686947056144,80.64719732601102,-7.105427357601002e-15,-1.7621014971860154e-16,1.0227787637835346,1.1161109455219556,1.141534573106218,1.1415345731062179
-14.86950000000003,9.815439089424776,-0.121698784845664,9.815439089424776,1.3077775862243195,40.32677525035487,1.1582691361771639e-14,61.67222267018993,0.7646560168438862,80.65355050070974,40.32677525035487,0.01239871020918292,80.65355050070974,0.0,0.0,1.0227917855563988,1.1161846588208924,1.1416245002060805,1.1416245002060803
-14.86999999999998,9.815564054766046,-0.1216907473605561,9.815564054766046,1.3078639629053883,40.32995222588133,4.131760281895413e-15,61.6730078505861,0.7646055158355491,80.65990445176267,40.329952225881335,0.012397733505846558,80.65990445176267,7.105427357601002e-15,1.7618238964937746e-16,1.0228048072381968,1.116258381086287,1.1417144382949815,1.1417144382949815
-14.870000000000031,9.815564054767894,-0.1216907473693694,9.815564054767894,1.3078639628106674,40.32995222296806,1.807312143953211e-15,61.67300785059771,0.7646055158909251,80.65990444593612,40.32995222296806,0.01239773350674212,80.65990444593612,0.0,0.0,1.0228048072383893,1.116258381005443,1.1417144382125088,1.1417144382125086
-14.870500000000032,9.815689019241807,-0.1216827099992545,9.815689019241807,1.3079503496665252,40.33312957651067,9.77138183282905e-15,61.67379302554413,0.7645550156051105,80.66625915302136,40.33312957651067,0.012396756841085583,80.66625915302136,0.0,0.0,1.0228178288298069,1.1163321119549927,1.1418043870027987,1.1418043870027987
-14.871000000000032,9.815813982840552,-0.1216746727061908,9.815813982840552,1.3080367471068406,40.33630732068171,3.931898377321726e-15,61.674578194991696,0.7645045158034233,80.67261464136342,40.33630732068171,0.01239578020925168,80.67261464136342,0.0,0.0,1.0228308503300296,1.1164058519383486,1.1418943468515228,1.1418943468515226
-14.871500000000031,9.815938945572496,-0.1216666355298109,9.815938945572496,1.3081231547074297,40.33948544244646,1.115097306002763e-14,61.67536335899299,0.7644540167348819,80.67897088489293,40.33948544244646,0.01239480361526586,80.67897088489293,0.0,0.0,1.0228438717399297,1.116479600593471,1.1419843173896764,1.1419843173896764
-14.872000000000034,9.816063907441244,-0.1216585984869289,9.816063907441244,1.308209572289254,40.34266393630982,5.0221487982431626e-15,61.67614851757066,0.7644035185051323,80.68532787261962,40.342663936309805,0.012393827060834783,80.68532787261962,-1.4210854715202004e-14,-3.5225375145372424e-16,1.0228568930598827,1.1165533577675506,1.1420742984616972,1.1420742984616967
-14.872500000000034,9.81618886843298,-0.1216505615107059,9.81618886843298,1.3082960005728277,40.34584282444556,1.2133980896165752e-14,61.6769336706379,0.7643530206942141,80.69168564889114,40.34584282444557,0.012392850539165085,80.69168564889114,7.105427357601002e-15,1.7611299851928786e-16,1.022869914288449,1.1166271240755448,1.1421642906953098,1.1421642906953098
-14.873000000000037,9.816313828558892,-0.1216425246543396,9.816313828558892,1.3083824389879382,40.34902208932692,6.454588798442911e-15,61.67771881826502,0.7643025236363776,80.69804417865383,40.34902208932692,0.012391874055660433,80.69804417865383,0.0,0.0,1.0228829354267945,1.116700899030778,1.1422542935943434,1.142254293594343
-14.873500000000035,9.816438787813686,-0.1216344878918975,9.816438787813686,1.308468887815305,40.352201739600496,9.930136612989092e-16,61.67850396041874,0.7642520271686838,80.70440347920099,40.352201739600496,0.01239089760768405,80.70440347920099,0.0,0.0,1.0228959564743676,1.1167746828728446,1.142344307403577,1.1423443074035768
-14.874000000000036,9.8165637461999,-0.1216264512350609,9.8165637461999,1.3085553469311135,40.35538177146989,2.7805490768458158e-15,61.67928909711501,0.7642015313645294,80.71076354293977,40.35538177146989,0.012389921196421088,80.71076354293977,0.0,0.0,1.0229089774314324,1.1168484754960684,1.1424343320155377,1.1424343320155375
-14.874500000000037,9.816688703720263,-0.1216184146963916,9.816688703720263,1.3086418162020108,40.35856218084513,1.2947314098277877e-15,61.68007422837098,0.7641510363028421,80.71712436169024,40.35856218084512,0.012388944823146073,80.71712436169024,-7.105427357601002e-15,-1.7605749495638277e-16,1.0229219982982736,1.116922276786633,1.1425243673144407,1.1425243673144403
-14.875000000000036,9.816813660370544,-0.1216103782550739,9.816813660370544,1.3087282958537705,40.36174297468298,4.036695192044047e-15,61.680859354160056,0.7641005418528324,80.723485949366,40.361742974683,0.01238796848574221,80.723485949366,1.4210854715202004e-14,3.5208724073476716e-16,1.02293501907445,1.116996086937236,1.1426144134972276,1.1426144134972278
-14.875500000000038,9.81693861614844,-0.1216023418996009,9.81693861614844,1.308814786012091,40.3649241568622,2.7064176995603496e-15,61.681644474467774,0.7640500479422013,80.7298483137244,40.3649241568622,0.012386992183038648,80.7298483137244,0.0,0.0,1.022948039759722,1.11706990605516,1.1427044706737033,1.142704470673703
-14.87600000000004,9.817063571063,-0.1215943056727912,9.817063571063,1.3089012862179523,40.36810571327491,8.669697406806626e-15,61.682429589351,0.7639995548399855,80.7362114265498,40.3681057132749,0.01238601591938402,80.7362114265498,-7.105427357601002e-15,-1.760158727305455e-16,1.0229610603550325,1.1171437337486338,1.1427945384444829,1.1427945384444824
-14.87650000000004,9.817188525105756,-0.1215862695335755,9.817188525105756,1.3089877969152208,40.37128765758693,6.570278848380277e-15,61.683214698756515,0.7639490622881391,80.74257531517385,40.371287657586926,0.012385039690603863,80.74257531517385,-7.105427357601002e-15,-1.7600199968518187e-16,1.0229740808594987,1.117217570396495,1.1428846171964373,1.1428846171964369
-14.87700000000004,9.81731347828229,-0.1215782335081856,9.81731347828229,1.3090743178233435,40.37446998118008,1.1236861156120876e-14,61.683999802719406,0.7638985704514811,80.74893996236017,40.37446998118008,0.012384063499361529,80.74893996236017,0.0,0.0,1.0229871012737028,1.117291415759293,1.142974706685591,1.1429747066855909
-14.87750000000004,9.817438430586565,-0.1215701975671917,9.817438430586565,1.3091608492610254,40.37765269387046,3.636721891222372e-15,61.684784901201716,0.7638480791450984,80.75530538774092,40.37765269387046,0.012383087342665232,80.75530538774092,0.0,0.0,1.0230001215970153,1.1173652701090415,1.1430648071898317,1.1430648071898315
-14.87800000000004,9.8175633820256,-0.1215621617437031,9.8175633820256,1.309247390873579,40.3808357847591,5.618430578060438e-15,61.68556999424758,0.763797588577024,80.76167156951819,40.38083578475909,0.012382111223877012,80.76167156951819,-7.105427357601002e-15,-1.7596038366998824e-16,1.0230131418301678,1.1174391331430158,1.1431549184006164,1.143154918400616
-14.878500000000042,9.817688332591832,-0.1215541260010003,9.817688332591832,1.3093339430583006,40.38401926608,7.828646949650264e-15,61.686355081809445,0.7637470985165418,80.76803853216,40.38401926608,0.012381135139264558,80.76803853216,0.0,0.0,1.0230261619723722,1.117513005200307,1.143245040664282,1.1432450406642818
-14.879000000000042,9.81781328229708,-0.1215460903951263,9.81781328229708,1.3094205052133625,40.387203119331055,5.515473566030869e-15,61.687140163961594,0.7636966093157795,80.7744062386621,40.38720311933105,0.012380159094519684,80.7744062386621,-7.105427357601002e-15,-1.75932642243306e-16,1.0230391820248599,1.1175868857672568,1.1433351734570454,1.143335173457045
-14.879500000000045,9.817938231134956,-0.1215380548949762,9.817938231134956,1.3095070776755862,40.390387354885895,7.520890379115718e-15,61.687925240663894,0.7636461207793008,80.7807747097718,40.3903873548859,0.012379183086480514,80.7807747097718,7.105427357601002e-15,1.7591877233486053e-16,1.0230522019869657,1.1176607751313414,1.1434253170725779,1.1434253170725779
-14.87999999999998,9.818063179097669,-0.1215300194629321,9.818063179097669,1.3095936608521583,40.39357198528333,1.2488405268589055e-14,61.68871031186737,0.7635956326707443,80.78714397056667,40.39357198528334,0.012378207111323699,80.78714397056667,7.105427357601002e-15,1.759049028937014e-16,1.023065221857877,1.117734673640094,1.1435154718658447,1.1435154718658447
-14.880000000000043,9.81806317909869,-0.1215300194677411,9.81806317909869,1.3095936608003371,40.39357198368916,7.656515266048676e-15,61.68871031187379,0.7635956327009601,80.78714396737831,40.39357198368915,0.012378207111812221,80.78714396737831,-7.105427357601002e-15,-1.7590490290064368e-16,1.0230652218579837,1.1177346735958646,1.1435154718207148,1.1435154718207146
-14.880500000000044,9.818188126203289,-0.1215219841845816,9.818188126203289,1.3096802538226529,40.3967569822193,1.8795997114026263e-14,61.689495377685574,0.7635451455278737,80.79351396443862,40.39675698221931,0.012377231177742207,80.79351396443862,7.105427357601002e-15,1.7589103404336312e-16,1.0230782416394777,1.1178085805079327,1.1436056370355765,1.1436056370355765
-14.881000000000045,9.818313072434304,-0.1215139489759732,9.818313072434304,1.3097668574935768,40.39994237359392,7.461037401901204e-15,61.69028043800848,0.7634946588232052,80.79988474718783,40.39994237359392,0.012376255277205752,80.79988474718783,0.0,0.0,1.0230912613299423,1.1178824965085594,1.1436958133716073,1.1436958133716069
-14.881500000000043,9.818438017798146,-0.1215059138720252,9.818438017798146,1.3098534714904786,40.40312814789949,5.310824686389317e-15,61.69106549288277,0.7634441727761372,80.80625629579897,40.40312814789949,0.012375279413259848,80.80625629579897,0.0,0.0,1.0231042809300455,1.1179564213223805,1.1437860005481615,1.1437860005481613
-14.882000000000046,9.818562962293704,-0.1214978788669202,9.818562962293704,1.3099400958779035,40.40631430713383,7.220931861080138e-15,61.691850542301474,0.7633936873501181,80.81262861426768,40.40631430713384,0.012374303585311757,80.81262861426768,7.105427357601002e-15,1.7584943045266867e-16,1.0231173004396714,1.1180303550044852,1.1438761986217962,1.1438761986217962
-14.882500000000046,9.81868790592293,-0.1214898439694993,9.81868790592293,1.3100267305623672,40.4095008484329,1.5100665727558133e-15,61.69263558627686,0.7633432026006988,80.81900169686581,40.409500848432906,0.012373327794257824,80.81900169686581,7.105427357601002e-15,1.7583556362776884e-16,1.0231303198590234,1.1181042974750848,1.1439664075114322,1.1439664075114322
-14.883000000000049,9.818812848687076,-0.1214818091851927,9.818812848687076,1.3101133754871226,40.41268777006278,1.1934897514720431e-14,61.693420624816774,0.7632927185619969,80.82537554012558,40.41268777006279,0.012372352040647832,80.82537554012558,7.105427357601002e-15,1.758216973349794e-16,1.023143339188232,1.1181782486857457,1.1440566271679835,1.1440566271679835
-14.883500000000048,9.818937790583346,-0.1214737745001603,9.818937790583346,1.3102000308032349,40.41587507668324,7.436215473158797e-15,61.69420565790367,0.763242235147054,80.8317501533665,40.41587507668325,0.012371376323074106,80.8317501533665,7.105427357601002e-15,1.758078315542961e-16,1.023156358427006,1.118252208765402,1.144146857723365,1.144146857723365
-14.884000000000048,9.81906273161132,-0.1214657399118954,9.81906273161132,1.3102866965395967,40.41906276919536,1.5500637902938654e-14,61.6949906855349,0.7631917523401186,80.83812553839071,40.41906276919536,0.012370400641280229,80.83812553839071,0.0,0.0,1.0231693775753015,1.1183261777387132,1.1442370992030857,1.1442370992030855
-14.884500000000047,9.819187671774582,-0.1214577054369774,9.819187671774582,1.310373372519197,40.42225084216501,8.671119018262734e-16,61.695775707732984,0.7631412702453628,80.84450168433001,40.42225084216501,0.01236942499694854,80.84450168433001,0.0,0.0,1.023182396633492,1.118400155454601,1.1443273514533092,1.1443273514533088
-14.88500000000005,9.819312611072856,-0.1214496710735846,9.819312611072856,1.3104600587634825,40.42543929626402,2.0106994154417232e-14,61.69656072449619,0.7630907888513406,80.85087859252803,40.42543929626402,0.01236844938989218,80.85087859252803,0.0,0.0,1.0231954156015488,1.1184741419313702,1.1444176144930542,1.144417614493054
-14.88550000000005,9.81943754950239,-0.1214416368032996,9.81943754950239,1.3105467554730044,40.428628137675055,9.930136612989092e-15,61.69734573580093,0.763040308042332,80.85725627535011,40.428628137675055,0.012367473818238585,80.85725627535011,0.0,0.0,1.0232084344790806,1.1185481373401902,1.144507888497348,1.1445078884973479
-14.88600000000005,9.819562487064164,-0.1214336026303199,9.819562487064164,1.3106334626043368,40.43181736507413,9.838480485366983e-15,61.698130741653394,0.7629898278447107,80.86363473014826,40.43181736507413,0.012366498282412373,80.86363473014826,0.0,0.0,1.02322145326619,1.1186221416439979,1.1445981734287098,1.1445981734287096
-14.886500000000051,9.819687423758731,-0.1214255685567682,9.819687423758731,1.310720180136427,40.4350069778256,8.320193863189414e-15,61.698915742057025,0.7629393482718138,80.87001395565122,40.43500697782561,0.012365522782627389,80.87001395565122,7.105427357601002e-15,1.7572464774143825e-16,1.0232344719629345,1.1186961548248242,1.1446884692691444,1.1446884692691444
-14.887000000000052,9.819812359586226,-0.1214175345827672,9.819812359586226,1.3108069080698022,40.43819697595784,1.1877959589341571e-14,61.699700737012684,0.7628888693244121,80.87639395191569,40.438196975957844,0.01236454731889432,80.87639395191569,7.105427357601002e-15,1.7571078556804768e-16,1.0232474905693278,1.1187701768831193,1.1447787760194552,1.144778776019455
-14.887500000000053,9.819937294552624,-0.1214095007362938,9.819937294552624,1.3108936461042375,40.44138735024498,2.507851037520163e-15,61.7004857265579,0.7628383911782906,80.88277470048996,40.44138735024497,0.012363571894053016,80.88277470048996,-7.105427357601002e-15,-1.7569692394734227e-16,1.0232605090859928,1.1188442075626424,1.144869093418464,1.1448690934184638
-14.888000000000051,9.820062228652372,-0.1214014669903464,9.820062228652372,1.3109803945330496,40.44457810972433,2.682975169497797e-15,61.7012707106578,0.7627879136637922,80.88915621944867,40.44457810972433,0.01236259650535907,80.88915621944867,0.0,0.0,1.023273527512351,1.1189182471137378,1.1449594217220112,1.144959421722011
-14.888500000000054,9.820187161884192,-0.1213934333383804,9.820187161884192,1.311067153428768,40.44776925663979,1.025514997038986e-14,61.70205568930436,0.7627374367397965,80.89553851327958,40.44776925663979,0.012361621152146021,80.89553851327958,0.0,0.0,1.023286545848269,1.1189922955983096,1.1450497609936199,1.1450497609936197
-14.889000000000054,9.820312094251506,-0.1213853997961431,9.820312094251506,1.311153922623174,40.45096078582726,7.264329320467945e-15,61.70284066251905,0.7626869605052466,80.90192157165454,40.45096078582727,0.012360645836011491,80.90192157165454,7.105427357601002e-15,1.7565534216162596e-16,1.0232995640941034,1.119066352872784,1.145140111087098,1.145140111087098
-14.889500000000057,9.820437025749106,-0.1213773663383685,9.820437025749106,1.311240702391027,40.45415270575357,6.232347480556726e-15,61.70362563026918,0.7626364848013911,80.90830541150714,40.45415270575357,0.012359670554387553,80.90830541150714,0.0,0.0,1.0233125822493117,1.119140419171667,1.1452304722421358,1.1452304722421356
-14.890000000000056,9.82056195638848,-0.121369333019207,9.82056195638848,1.311327492149179,40.45734499848636,5.117875266520904e-15,61.70441059262691,0.7625860099684679,80.91468999697268,40.45734499848634,0.012358695312772176,80.91468999697268,-2.1316282072803006e-14,-5.268828706777599e-16,1.0233256003150906,1.119214493997243,1.14532084395108,1.1453208439510791
-14.890500000000056,9.820686886154611,-0.1213612997667078,9.820686886154611,1.311414292676809,40.4605376880145,7.421074851107613e-15,61.705195549497894,0.762535535554396,80.92107537602897,40.46053768801448,0.012357720103856001,80.92107537602897,-1.4210854715202004e-14,-3.512275300140572e-16,1.0233386182898756,1.1192885780145398,1.1454112268930396,1.145411226893039
-14.891000000000057,9.820811815060225,-0.1213532666408756,9.820811815060225,1.3115011033274229,40.4637307544561,4.869818370658876e-15,61.705980500962085,0.7624850619361965,80.92746150891222,40.46373075445611,0.012356744933731475,80.92746150891222,7.105427357601002e-15,1.7559990700606643e-16,1.0233516361749928,1.119362670671776,1.1455016205051718,1.1455016205051718
-14.891500000000056,9.82093674309583,-0.1213452335961093,9.82093674309583,1.3115879245956494,40.4669242130443,5.111850690840453e-15,61.70676544695986,0.762434588827349,80.9338484260886,40.46692421304431,0.012355769797765544,80.9338484260886,7.105427357601002e-15,1.7558604949052698e-16,1.023364653969453,1.1194367723911163,1.1455920252187162,1.145592025218716
-14.892000000000058,9.82106167027238,-0.1213372006839508,9.82106167027238,1.3116747559262472,40.47011804670469,2.277987190955421e-15,61.707550387560026,0.762384116551701,80.9402360934094,40.4701180467047,0.012354794701190963,80.9402360934094,7.105427357601002e-15,1.7557219253477236e-16,1.0233776716743976,1.1195108826986633,1.1456824405503079,1.1456824405503079
-14.89250000000006,9.821186596579723,-0.1213291678556458,9.821186596579723,1.3117615978480424,40.473312271723096,8.376299794420253e-15,61.7083353226988,0.7623336448029198,80.94662454344618,40.47331227172309,0.012353819639054546,80.94662454344618,-7.105427357601002e-15,-1.7555833606841336e-16,1.0233906892887688,1.119585002045769,1.145772866960988,1.1457728669609875
-14.89300000000006,9.821311522020192,-0.121321135121768,9.821311522020192,1.3118484502486245,40.47650688465247,4.4754520913118104e-15,61.70912025239085,0.762283173647442,80.95301376930496,40.47650688465247,0.012352844612428391,80.95301376930496,0.0,0.0,1.0234037068128097,1.1196591303364911,1.1458633043531723,1.1458633043531723
-14.89350000000006,9.821436446599606,-0.121313102509472,9.821436446599606,1.3119353128362097,40.47970187652548,4.3585975922807656e-15,61.70990517667273,0.7622327032558855,80.95940375305096,40.47970187652548,0.012351869624068406,80.95940375305096,0.0,0.0,1.0234167242471266,1.119733267321793,1.145953752473002,1.1459537524730017
-14.89400000000006,9.821561370314583,-0.1213050700021879,9.821561370314583,1.3120221857917784,40.4828972529237,5.999571675429812e-15,61.71069009552319,0.7621822335241386,80.96579450584738,40.48289725292369,0.012350894672290032,80.96579450584738,-7.105427357601002e-15,-1.7551676979067608e-16,1.0234297415913673,1.119807413156141,1.1460442114784875,1.146044211478487
-14.89450000000006,9.821686293163443,-0.1212970375914157,9.821686293163443,1.3121090692091135,40.48609301674541,4.121679615575541e-15,61.71147500893168,0.7621317643987933,80.97218603349081,40.48609301674541,0.012349919756228282,80.97218603349081,0.0,0.0,1.0234427588453565,1.1198815679195786,1.1461346814516773,1.146134681451677
-14.895000000000062,9.821811215148443,-0.1212890052873802,9.821811215148443,1.3121959629794648,40.48928916465593,4.922997300442991e-15,61.71225991691238,0.7620812959440948,80.97857832931187,40.489289164655936,0.012348944876919744,80.97857832931187,7.105427357601002e-15,1.754890615319446e-16,1.0234557760093295,1.1199557315192876,1.146225162298169,1.146225162298169
-14.895500000000062,9.821936136271644,-0.1212809730993282,9.821936136271644,1.3122828670046092,40.49248569364441,1.5372580343201344e-14,61.71304481947823,0.7620308282181418,80.98497138728884,40.49248569364442,0.0123479700353016,80.98497138728884,7.105427357601002e-15,1.7547520819933882e-16,1.0234687930835007,1.1200299038714352,1.1463156539327273,1.1463156539327273
-14.896000000000065,9.822061056524577,-0.1212729409866018,9.822061056524577,1.312369781726319,40.49568261731904,3.979805003092567e-15,61.71382971657602,0.7619803609654734,80.99136523463808,40.49568261731904,0.012346995227243357,80.99136523463808,0.0,0.0,1.0234818100669882,1.1201040853530724,1.146406156740591,1.1464061567405908
-14.896500000000064,9.822185975913776,-0.1212649089797044,9.822185975913776,1.312456706816416,40.49887992559195,1.1422355192891215e-14,61.71461460824682,0.7619298943777489,80.9977598511839,40.49887992559195,0.012346020455840837,80.9977598511839,0.0,0.0,1.0234948269604727,1.1201782756841003,1.1464966704361792,1.146496670436179
-14.897000000000064,9.822310894439395,-0.12125687707885,9.822310894439395,1.3125436422744183,40.5020776184604,2.076324841404357e-14,61.715399494491585,0.7618794284563121,81.00415523692078,40.50207761846039,0.012345045721113961,81.00415523692078,-7.105427357601002e-15,-1.7543365119527663e-16,1.02350784376397,1.1202524748641076,1.1465871950194144,1.146587195019414
-14.897500000000065,9.822435812106969,-0.1212488453097425,9.822435812106969,1.3126305878238906,40.505275687428416,6.249875259561919e-15,61.716184375345094,0.7618289633626648,81.01055137485685,40.50527568742842,0.01234407102567097,81.01055137485685,7.105427357601002e-15,1.7541979993994477e-16,1.023520860478057,1.1203266826571574,1.146677730249781,1.146677730249781
-14.898000000000064,9.822560728907789,-0.1212408136306273,9.822560728907789,1.3127175439186454,40.50847414647527,3.853929388444262e-15,61.716969250752626,0.7617784988344563,81.01694829295054,40.50847414647527,0.01234309636527018,81.01694829295054,0.0,0.0,1.023533877101826,1.1204008994505776,1.1467682765230234,1.1467682765230232
-14.898500000000066,9.822685644837934,-0.1212327820224285,9.822685644837934,1.3128045107671544,40.51167300202968,5.513517773818103e-15,61.71775412068955,0.7617280347518284,81.02334600405936,40.51167300202969,0.01234212173797289,81.02334600405936,7.105427357601002e-15,1.753920988956692e-16,1.023546893634869,1.120475125422298,1.1468588340211339,1.1468588340211336
-14.899000000000068,9.82281055991287,-0.1212247505579032,9.82281055991287,1.3128914875834266,40.51487222991228,4.931440214964236e-15,61.71853898525303,0.7616775715719277,81.02974445982456,40.51487222991228,0.012341147151165101,81.02974445982456,0.0,0.0,1.023559910078797,1.1205493599014775,1.1469494020596105,1.1469494020596103
-14.899500000000067,9.8229354741199,-0.121216719176388,9.8229354741199,1.3129784750262188,40.518071850410735,7.447602459741819e-15,61.719323844363295,0.7616271089135952,81.03614370082146,40.51807185041073,0.012340172598685284,81.03614370082146,-7.105427357601002e-15,-1.753643999604333e-16,1.0235729264322873,1.1206236034503636,1.147039981212784,1.1470399812127836
-14.900000000000068,9.823060387467518,-0.1212086879176364,9.823060387467518,1.313065472666811,40.52127185034156,2.3314683517128287e-15,61.72010869807372,0.7615766470266094,81.04254370068313,40.52127185034156,0.012339198084568152,81.04254370068313,0.0,0.0,1.0235859426962248,1.1206978557030443,1.1471305711074387,1.1471305711074384
-14.900500000000068,9.82318529994556,-0.1212006567329965,9.82318529994556,1.3131524810340884,40.52447224599577,3.554447978966673e-15,61.72089354632044,0.7615261856052806,81.04894449199155,40.524472245995774,0.01233822360387198,81.04894449199155,7.105427357601002e-15,1.7533670307830082e-16,1.0235989588695504,1.1207721171109222,1.147221172204762,1.147221172204762
-14.901000000000067,9.823310211560443,-0.1211926256523771,9.823310211560443,1.3132394998059318,40.52767302747088,1.6992216372873033e-15,61.72167838914377,0.7614757248375321,81.05534605494175,40.527673027470875,0.012337249159631863,81.05534605494175,-7.105427357601002e-15,-1.753228553927764e-16,1.0236119749529329,1.120846387399069,1.1473117842244218,1.1473117842244214
-14.90150000000007,9.823435122321008,-0.1211845947170639,9.823435122321008,1.313326528536756,40.5308741810636,1.0778315928076989e-15,61.72246322659926,0.7614252649827694,81.06174836212718,40.53087418106359,0.012336274756037826,81.06174836212718,-1.4210854715202004e-14,-3.50618016569735e-16,1.0236249909472934,1.1209206661871793,1.1474024067784863,1.1474024067784856
-14.90200000000007,9.823560032212486,-0.1211765638567,9.823560032212486,1.3134135679908163,40.53407573031016,2.6535259329201464e-15,61.723248058594116,0.7613748055989263,81.06815146062033,40.534075730310164,0.012335300385944535,81.06815146062033,7.105427357601002e-15,1.7529516165303302e-16,1.0236380068510929,1.120994954127543,1.1474930405332506,1.1474930405332506
-14.902500000000073,9.823684941240062,-0.1211685330953166,9.823684941240062,1.3135006179095767,40.53727766726495,9.550499576785472e-15,61.724032885160916,0.7613243468369967,81.07455533452989,40.53727766726495,0.012334326051790223,81.07455533452989,0.0,0.0,1.0236510226648718,1.1210692509995002,1.1475836852637806,1.1475836852637802
-14.903000000000072,9.82380984940861,-0.1211605024554457,9.82380984940861,1.3135876780506193,40.54047998447808,1.0647148785970273e-14,61.724817706330285,0.761273888838553,81.08095996895615,40.540479984478075,0.012333351755860745,81.08095996895615,-7.105427357601002e-15,-1.7526746995401853e-16,1.023664038389138,1.1211435565961474,1.147674340759174,1.1476743407591736
-14.903500000000072,9.823934756709708,-0.1211524718967625,9.823934756709708,1.313674748852964,40.5436826954755,1.5116268490134552e-14,61.7256025220493,0.7612234313502262,81.087365390951,40.5436826954755,0.012332377494060198,81.087365390951,0.0,0.0,1.0236770540230138,1.1212178712921876,1.147765007402342,1.1477650074023418
-14.904000000000073,9.82405966315313,-0.121144441465008,9.82405966315313,1.313761829822514,40.54688578505999,1.673640496378119e-15,61.72638733237939,0.7611729746594157,81.09377157012,40.54688578506,0.012331403271030774,81.09377157012,7.105427357601002e-15,1.752397803191851e-16,1.023690069567518,1.1212921946659102,1.1478556847630608,1.1478556847630608
-14.904500000000072,9.824184568728596,-0.1211364111110292,9.824184568728596,1.3138489214941305,40.55008926970813,7.250529895255517e-15,61.727172137255934,0.7611225184572847,81.10017853941625,40.550089269708124,0.01233042908178039,81.10017853941625,-7.105427357601002e-15,-1.7522593625728275e-16,1.023703085021579,1.1213665271738178,1.1479463733077722,1.1479463733077717
-14.905000000000074,9.824309473440842,-0.1211283808567696,9.824309473440842,1.3139360236317443,40.553293142165295,1.5671457702085673e-14,61.727956936708715,0.7610720628817078,81.10658628433059,40.5532931421653,0.012329454928535134,81.10658628433059,7.105427357601002e-15,1.7521209270704412e-16,1.0237161003856903,1.1214408686144262,1.1480370728311018,1.1480370728311016
