m,f_re,f_im,f_R_hz,tau_s,Q,abs_res
-14.0,9.399550955175973,-0.3086180376787981,9.399550955175973,0.51570201239352,15.228453634584364,1.3633611069437947e-14
-14.01,9.402301361505973,-0.30853948889382354,9.402301361505973,0.515833301152141,15.236787672163334,2.4812196136955653e-14
-14.02,9.405051302585072,-0.30846109918886694,9.405051302585072,0.5159643906813893,15.245117337837266,2.7756366638262046e-14
-14.03,9.407800779960656,-0.30838286820091027,9.407800779960656,0.5160952812339967,15.253442635846278,3.511698785132082e-13
-14.04,9.4105497951731,-0.30830479562248053,9.4105497951731,0.5162259729711784,15.26176356772654,2.40565757565168e-14
-14.049999999999999,9.413298349762174,-0.3082268811338253,9.413298349762174,0.5163564660760195,15.270080135669815,1.5256202517897713e-14
-14.059999999999999,9.416046445271402,-0.3081491243564512,9.416046445271402,0.5164867608313987,15.278392344836584,1.547691513710011e-13
-14.069999999999999,9.418794083227727,-0.3080715250689472,9.418794083227727,0.5166168572583139,15.28670019262536,1.359488444095497e-13
-14.079999999999998,9.421541265177085,-0.30799408283021784,9.421541265177085,0.516746755747349,15.295003687409674,5.731634731316431e-14
-14.089999999999998,9.424287992647775,-0.3079167973673716,9.424287992647775,0.5168764564084811,15.303302829244124,1.9324519291426302e-13
-14.099999999999998,9.427034267172957,-0.30783966833775434,9.427034267172957,0.5170059594700263,15.311597621703905,1.1624061908788011e-14
-14.109999999999998,9.42978009027875,-0.3077626954546746,9.42978009027875,0.5171352650676752,15.319888065620855,1.0031644134792477e-14
-14.119999999999997,9.432525463497901,-0.30768587834344635,9.432525463497901,0.5172643734862696,15.328174166266237,2.737110949278706e-13
-14.129999999999997,9.43527038835275,-0.3076092167209727,9.43527038835275,0.5173932848581133,15.336455924386899,9.550499576785473e-15
-14.139999999999997,9.438014866372251,-0.30753271021648143,9.438014866372251,0.5175219994642568,15.344733345159531,2.376794687283927e-13
-14.149999999999997,9.440758899076947,-0.30745635852999287,9.440758899076947,0.5176505174680572,15.353006430270307,3.906400804755737e-14
-14.159999999999997,9.443502487985091,-0.30738016136738716,9.443502487985091,0.5177788390242598,15.361275181155918,9.200693349407644e-14
-14.169999999999996,9.446245634622333,-0.30730411833973215,9.446245634622333,0.5179069644486368,15.369539604053205,6.056632931320405e-15
-14.179999999999996,9.448988340501218,-0.307228229177552,9.448988340501218,0.5180348938570916,15.377799699259569,1.0756810119444394e-13
-14.189999999999996,9.451730607139208,-0.3071524935425304,9.451730607139208,0.5181626274828132,15.3860554705711,6.600440597827715e-14
-14.199999999999996,9.454472436048063,-0.3070769111383969,9.454472436048063,0.518290165489406,15.394306919719883,9.204874178431884e-14
-14.209999999999996,9.457213828746394,-0.30700148158037044,9.457213828746394,0.5184175081911776,15.402554052936344,7.440783877055818e-14
-14.219999999999995,9.459954786740097,-0.3069262045988558,9.459954786740097,0.5185446557093636,15.410796870707083,9.59813328662617e-15
-14.229999999999995,9.462695311539543,-0.30685107986068677,9.462695311539543,0.5186716082738023,15.419035376762718,2.940964865999813e-14
-14.239999999999995,9.4654354046541,-0.30677610702613195,9.4654354046541,0.5187983661267928,15.427269575214687,6.336997426342313e-14
-14.249999999999995,9.468175067581784,-0.30670128585624346,9.468175067581784,0.5189249293414903,15.435499465137053,8.398646393936364e-14
-14.259999999999994,9.47091430183683,-0.3066266159273167,9.47091430183683,0.5190512983048468,15.443725054973426,7.7466701586125e-14
-14.269999999999994,9.473653108915869,-0.30655209698126196,9.473653108915869,0.5191774731249799,15.451946344857244,1.0501929708541807e-13
-14.279999999999994,9.476391490326693,-0.3064777286280991,9.476391490326693,0.5193034541345899,15.460163341633855,1.82337021390535e-14
-14.289999999999994,9.479129447558082,-0.3064035106575281,9.479129447558082,0.5194292413633121,15.468376043107826,2.975527160155081e-14
-14.299999999999994,9.481866982113809,-0.30632944268817547,9.481866982113809,0.5195548351318788,15.476584455784367,3.2623571095629056e-14
-14.309999999999993,9.484604095484608,-0.3062555244566771,9.484604095484608,0.5196802355622793,15.484788580240453,4.908636913421672e-14
-14.319999999999993,9.48734078917786,-0.3061817555124149,9.48734078917786,0.5198054430955211,15.492988426596785,1.279942343203222e-13
-14.329999999999993,9.490077064670603,-0.3061081357004192,9.490077064670603,0.5199304576721754,15.501183990023572,1.7549040996922709e-13
-14.339999999999993,9.492812923464781,-0.3060346645938899,9.492812923464781,0.5200552796955046,15.509375279532156,2.883366875869919e-13
-14.349999999999993,9.495548367042627,-0.30596134195238756,9.495548367042627,0.5201799092535762,15.51756229471677,2.3856075959725363e-13
-14.359999999999992,9.498283396895253,-0.3058881674284999,9.498283396895253,0.5203043466174518,15.525745040653524,4.72267786752847e-13
-14.369999999999992,9.50101801451025,-0.30581514069530646,9.50101801451025,0.5204285920247048,15.533923521426333,8.684340359918615e-13
-14.379999999999992,9.503752221369812,-0.30574226146525907,9.503752221369812,0.5205526456471894,15.542097739160122,8.915860008917418e-13
-14.389999999999992,9.506486018962939,-0.30566952936590436,9.506486018962939,0.5206765078025737,15.550267700355434,9.113225413330322e-13
-14.399999999999991,9.50921940876124,-0.3055969441865449,9.50921940876124,0.5208001785343204,15.55843340330744,1.1075623236269257e-12
-14.409999999999991,9.51195239225662,-0.3055245054945015,9.51195239225662,0.5209236582653094,15.566594857687782,5.560810006425774e-14
-14.419999999999991,9.514684970916454,-0.3054522130911246,9.514684970916454,0.5210469470208591,15.574752061262638,6.201289443100731e-14
-14.42999999999999,9.51741714622456,-0.30538006659564854,9.51741714622456,0.521170045137986,15.582905021149433,2.418325002415885e-13
-14.43999999999999,9.520148919654883,-0.3053080657123748,9.520148919654883,0.5212929528099409,15.59105374016493,3.5593860983835245e-14
-14.44999999999999,9.522880292681029,-0.3052362101340879,9.522880292681029,0.5214156702508519,15.59919822176029,1.408203685231013e-13
-14.45999999999999,9.525611266776101,-0.30516449954361236,9.525611266776101,0.5215381976931095,15.607338469943414,4.3515219421732556e-15
-14.46999999999999,9.528341843412218,-0.30509293361902823,9.528341843412218,0.5216605353784867,15.61547448901312,2.222784630121524e-13
-14.47999999999999,9.531072024057284,-0.3050215120662011,9.531072024057284,0.521782683502509,15.623606281888545,2.660275999960155e-14
-14.48999999999999,9.533801810178048,-0.30495023458787196,9.533801810178048,0.5219046422672436,15.63173385169321,2.2473758133547365e-13
-14.49999999999999,9.536531203243467,-0.3048791008500305,9.536531203243467,0.5220264119388865,15.63985720348616,6.152942243479934e-14
-14.50999999999999,9.539260204716989,-0.3048081105596345,9.539260204716989,0.5221479927147715,15.647976340266492,2.0262394485216662e-13
-14.519999999999989,9.541988816063588,-0.3047372633938817,9.541988816063588,0.5222693848444225,15.656091266610694,3.04501592984176e-13
-14.529999999999989,9.544717038744368,-0.30466655905456225,9.544717038744368,0.5223905885364745,15.664201985875023,1.8472884272566843e-13
-14.539999999999988,9.547444874222114,-0.3045959972123597,9.547444874222114,0.5225116040541233,15.672308503065752,1.0853702062560439e-13
-14.549999999999988,9.550172323949552,-0.3045255776245921,9.550172323949552,0.5226324315131772,15.68041081876323,2.884735570705206e-13
-14.559999999999988,9.552899389390692,-0.30445529992134274,9.552899389390692,0.5227530712489277,15.688508940160874,3.346967423639226e-13
-14.569999999999988,9.555626072002234,-0.3043851637922562,9.555626072002234,0.5228735234957741,15.696602871426377,3.5653429275602617e-13
-14.579999999999988,9.558352373234742,-0.3043151689740309,9.558352373234742,0.5229937884084807,15.704692614337631,3.331089463361981e-13
-14.589999999999987,9.561078294546073,-0.30424531511694664,9.561078294546073,0.523113866291479,15.712778175188927,3.2012404607523844e-13
-14.599999999999987,9.563803837385587,-0.3041756019422129,9.563803837385587,0.523233757328543,15.720859556649309,4.022732240304917e-13
-14.609999999999987,9.566529003204424,-0.30410602913960605,9.566529003204424,0.5233534617586685,15.72893676306022,5.271809080163987e-13
-14.619999999999987,9.569253793450626,-0.30403659641626934,9.569253793450626,0.5234729797921748,15.737009797907612,6.203434012738203e-13
-14.629999999999987,9.57197820957379,-0.30396730345019873,9.57197820957379,0.5235923116907569,15.745078666235628,8.362179742696249e-13
-14.639999999999986,9.574702253020762,-0.3038981499335433,9.574702253020762,0.5237114576929787,15.753143372400531,9.833408443073953e-13
-14.649999999999986,9.577425925234904,-0.30382913557950475,9.577425925234904,0.5238304180023194,15.761203919708883,1.2352813006317328e-12
-14.659999999999986,9.580149227659742,-0.30376026008652557,9.580149227659742,0.5239491928488615,15.769260312278593,1.585393427807126e-12
-14.669999999999986,9.582872161741147,-0.3036915231165833,9.582872161741147,0.5240677825268036,15.777312556173001,1.7653089413845584e-12
-14.679999999999986,9.58559472891842,-0.30362292438366445,9.58559472891842,0.5241861872418557,15.785360654793404,2.3573013088454458e-12
-14.689999999999985,9.588316930627574,-0.30355446362132044,9.588316930627574,0.5243044071670734,15.793404610562494,2.0305444943733396e-13
-14.699999999999985,9.591038768314391,-0.3034861404532564,9.591038768314391,0.5244224426664016,15.801444431680109,2.940426519098331e-14
-14.709999999999985,9.593760243408134,-0.30341795465383287,9.593760243408134,0.5245402938447528,15.809480118527558,5.193234342779929e-14
-14.719999999999985,9.59648135734778,-0.3033499058885333,9.59648135734778,0.5246579609962934,15.817511677214815,4.832213032818602e-14
-14.729999999999984,9.599202111567493,-0.3032819938576623,9.599202111567493,0.5247754443562208,15.825539112079028,9.453866861275775e-14
-14.730499999999985,9.599338139859697,-0.30327860185813765,9.599338139859697,0.5247813136725751,15.825940374701917,7.857591691784308e-14
-14.730999999999986,9.599474167257469,-0.3032752101887724,9.599474167257469,0.5247871825489132,15.826341627596788,5.684474699295358e-14
-14.731499999999986,9.599610193760125,-0.30327181885802573,9.599610193760125,0.5247930509705633,15.826742870319423,2.1650274146276322e-14
-14.731999999999987,9.5997462193719,-0.3032684278259811,9.5997462193719,0.5247989190065648,15.827144104958304,1.240242981205526e-13
-14.732499999999987,9.599882244083686,-0.303265037183933,9.599882244083686,0.5248047864989014,15.827545326732258,1.0290583192130829e-13
-14.732999999999988,9.600018267899252,-0.30326164689650076,9.600018267899252,0.5248106535087599,15.827946537492116,1.2295062116593288e-14
-14.733499999999989,9.600154290824705,-0.303258256905399,9.600154290824705,0.524816520136972,15.828347740288338,1.099059253778804e-13
-14.73399999999999,9.600290312854552,-0.30325486726634804,9.600290312854552,0.5248223862870762,15.828748932202034,1.0441623937364514e-13
-14.73449999999999,9.600426333988075,-0.30325147798808844,9.600426333988075,0.5248282519439093,15.829150112774018,1.0753541643252304e-13
-14.73499999999999,9.600562354227932,-0.3032480890463025,9.600562354227932,0.5248341171495204,15.829551283276242,5.3619066939382256e-14
-14.735499999999991,9.60069837357448,-0.30324470043914437,9.60069837357448,0.5248399819070698,15.82995244380398,1.3816577507213328e-13
-14.735999999999992,9.600834392028618,-0.3032413121594688,9.600834392028618,0.5248458462288899,15.830353594730067,1.3444115802694707e-13
-14.736499999999992,9.600970409589094,-0.30323792422136114,9.600970409589094,0.5248517100905676,15.830754735315471,2.72386019911898e-13
-14.736999999999993,9.601106426255088,-0.30323453663461364,9.601106426255088,0.5248575734751189,15.831155865045915,5.24896022202741e-15
-14.737499999999994,9.60124244202914,-0.30323114937589446,9.60124244202914,0.5248634364228923,15.831556985141969,6.262376313065793e-14
-14.737999999999994,9.60137845690882,-0.30322776247087674,9.60137845690882,0.5248692988894157,15.831958094257574,1.284713343171009e-13
-14.738499999999995,9.601514470895852,-0.3032243759043262,9.601514470895852,0.5248751609010225,15.83235919318923,1.6191264220742196e-13
-14.738999999999995,9.601650483990623,-0.3032209896741811,9.601650483990623,0.5248810224612468,15.832760282043548,3.210949443246476e-14
-14.739499999999996,9.601786496189339,-0.30321760381938906,9.601786496189339,0.5248868835026335,15.833161358778865,1.089810756747508e-13
-14.739999999999984,9.601922507498516,-0.3032142182776011,9.601922507498516,0.5248927441330754,15.833562426659833,6.354194544507217e-13
-14.739999999999997,9.601922507499243,-0.3032142182705269,9.601922507499243,0.5248927441453215,15.833562427030438,1.3854703725638065e-13
-14.740499999999997,9.602058517916303,-0.3032108330689886,9.602058517916303,0.5248986043176213,15.833963484628494,1.6062983007505277e-13
-14.740999999999998,9.602194527440552,-0.30320744821603335,9.602194527440552,0.5249044640173168,15.83436453150559,4.2874486049116504e-14
-14.741499999999998,9.602330536073952,-0.30320406369424885,9.602330536073952,0.5249103232745168,15.83476556857257,3.505722582936907e-14
-14.741999999999999,9.602466543817975,-0.30320067949079627,9.602466543817975,0.5249161821114142,15.835166596500752,7.283234396356385e-15
-14.7425,9.602602550666534,-0.30319729566727727,9.602602550666534,0.5249220404213263,15.835567612061158,1.2872371985937136e-13
-14.743,9.602738556630582,-0.3031939121177194,9.602738556630582,0.5249278983876864,15.835968620804927,2.272380012729765e-14
-14.743500000000001,9.602874561695632,-0.3031905289861931,9.602874561695632,0.5249337557610285,15.836369615181704,8.908099565522551e-14
-14.744000000000002,9.60301056587237,-0.30318714616948134,9.60301056587237,0.5249396127200191,15.836770600598445,1.231930528012259e-13
-14.744500000000002,9.603146569159415,-0.30318376368283295,9.603146569159415,0.5249454692382233,15.837171576254779,7.230273641276935e-14
-14.745000000000003,9.603282571557436,-0.30318038152141874,9.603282571557436,0.524951325323969,15.837572542402441,1.1380193528196692e-13
-14.745500000000003,9.603418573061408,-0.30317699973627293,9.603418573061408,0.5249571808888562,15.83797349636551,1.061758700160918e-13
-14.746000000000004,9.603554573675739,-0.30317361828586015,9.603554573675739,0.5249630360047665,15.83837444031924,1.3506528162472208e-13
-14.746500000000005,9.603690573402996,-0.30317023714666824,9.603690573402996,0.5249688907123791,15.83877537549457,2.4898963629882405e-14
-14.747000000000005,9.603826572238894,-0.3031668563625264,9.603826572238894,0.5249747449357661,15.839176299593014,8.521271359337681e-14
-14.747500000000006,9.603962570184512,-0.3031634759245198,9.603962570184512,0.5249805986903283,15.839577213080346,2.4405974948771956e-14
-14.748000000000006,9.604098567240154,-0.3031600958313627,9.604098567240154,0.5249864519782566,15.839978116022525,2.7100587239253802e-14
-14.748500000000007,9.604234563408554,-0.30315671605799616,9.604234563408554,0.524992304842911,15.840379009731706,1.0918438085113181e-13
-14.749000000000008,9.60437055868586,-0.303153336643893,9.60437055868586,0.5249981572159005,15.840779892137366,1.3754253022439701e-14
-14.749500000000008,9.604506553075463,-0.30314995755752155,9.604506553075463,0.5250040091517951,15.841180764890995,5.544185782133914e-14
-14.749999999999984,9.604642546579504,-0.30314657877953405,9.604642546579504,0.5250098606840691,15.841581629005555,1.2763556010395232e-12
-14.750000000000009,9.604642546577287,-0.3031465788013255,9.604642546577287,0.5250098606463292,15.841581627863139,1.74344787427351e-14
-14.75050000000001,9.604778539190375,-0.3031432003864258,9.604778539190375,0.5250157116802083,15.841982480469419,8.366228494818544e-14
-14.75100000000001,9.604914530913547,-0.303139822326109,9.604914530913547,0.5250215622303859,15.842383322011814,1.3498715254659882e-14
-14.75150000000001,9.605050521749027,-0.30313644460026806,9.605050521749027,0.5250274123316501,15.84278415354307,8.688869536365455e-14
-14.752000000000011,9.605186511696122,-0.30313306721741895,9.605186511696122,0.5250332619692168,15.843184974615298,5.716907481869143e-14
-14.752500000000012,9.605322500756154,-0.30312969016630903,9.605322500756154,0.525039111162541,15.843585785817107,9.59813328662617e-15
-14.753000000000013,9.605458488927916,-0.3031263134605225,9.605458488927916,0.5250449598880594,15.843986586434829,8.300326582745387e-14
-14.753500000000013,9.605594476211209,-0.30312293710366406,9.605594476211209,0.5250508081394923,15.844387376277998,4.374282239302868e-14
-14.754000000000014,9.605730462608175,-0.30311956107647287,9.605730462608175,0.5250566559501674,15.844788156355213,1.8580238255935937e-13
-14.754500000000014,9.605866448118999,-0.3031161853788849,9.605866448118999,0.5250625033201611,15.845188926668486,1.5071158204727223e-13
-14.755000000000015,9.60600243273948,-0.303112810053781,9.60600243273948,0.5250683501751596,15.845589684967615,6.876543985371887e-14
-14.755500000000016,9.606138416477021,-0.3031094350302275,9.606138416477021,0.5250741966380019,15.845990434971203,1.131614254073831e-14
-14.756000000000016,9.606274399328926,-0.3031060603364504,9.606274399328926,0.5250800426597606,15.846391175197681,6.85466802560037e-14
-14.756500000000017,9.606410381291738,-0.30310268600804796,9.606410381291738,0.5250858881787325,15.84679190377856,1.3779693757018863e-13
-14.757000000000017,9.606546362368778,-0.3030993120141446,9.606546362368778,0.5250917332483689,15.847192622331777,1.0316051116599378e-13
-14.757500000000018,9.60668234255887,-0.30309593836801385,9.60668234255887,0.5250975778456396,15.84759333015971,4.121500180668884e-14
-14.758000000000019,9.606818321867133,-0.3030925650211322,9.606818321867133,0.5251034220545752,15.847994029806252,5.734868827995279e-15
-14.75850000000002,9.60695430028468,-0.3030891920623987,9.60695430028468,0.5251092657211255,15.84839471660679,4.097408330861265e-14
-14.75900000000002,9.607090277817674,-0.30308581943309637,9.607090277817674,0.5251151089469808,15.848795393639916,7.376510932194413e-14
-14.75950000000002,9.6072262544674,-0.30308244712229787,9.6072262544674,0.5251209517510401,15.849196061477548,6.941815950766031e-14
-14.759999999999984,9.607362230231296,-0.3030790751567849,9.607362230231296,0.5251267940868679,15.849596718713327,2.1658698455299331e-13
-14.760000000000021,9.607362230229153,-0.30307907517787164,9.607362230229153,0.5251267940503321,15.849596717607056,3.415158632288207e-14
-14.760500000000022,9.60749820510945,-0.30307570353768193,9.60749820510945,0.5251326359524802,15.849997365286878,1.2144368298069407e-13
-14.761000000000022,9.60763417910228,-0.30307233226228925,9.60763417910228,0.5251384773525192,15.850398001338345,8.649624694932612e-14
-14.761500000000023,9.607770152210168,-0.30306896132870514,9.607770152210168,0.5251443182902445,15.850798626966109,4.841069702264993e-14
-14.762000000000024,9.607906124433581,-0.30306559073406064,9.607906124433581,0.5251501587705925,15.851199242319293,4.170897496614544e-14
-14.762500000000024,9.608042095776929,-0.3030622204368046,9.608042095776929,0.5251559988655293,15.851599849576806,9.64260534579182e-14
-14.763000000000025,9.60817806623145,-0.3030588505245874,9.60817806623145,0.5251618384231381,15.852000444138044,3.0801849300325677e-14
-14.763500000000025,9.608314035805032,-0.30305548092176104,9.608314035805032,0.5251676775744699,15.852401029971114,6.80502925351885e-14
-14.764000000000026,9.60845000449129,-0.30305211169263785,9.60845000449129,0.5251735162080435,15.852801603699751,4.9909464525675855e-14
-14.764500000000027,9.608585972296332,-0.30304874277908034,9.608585972296332,0.5251793544245712,15.853202168373455,5.2094073055627714e-14
-14.765000000000027,9.60872193921962,-0.3030453741880559,9.60872193921962,0.5251851922119464,15.853602723625297,2.925644381055332e-14
-14.765500000000028,9.608857905258722,-0.3030420059451178,9.608857905258722,0.5251910295258505,15.854003268112814,6.869706820634208e-14
-14.766000000000028,9.608993870412807,-0.3030386380600795,9.608993870412807,0.5251968663492401,15.854403801319481,1.882758304518581e-13
-14.766500000000029,9.60912983468659,-0.3030352704885354,9.60912983468659,0.5252027027590394,15.854804325574582,6.333326092624815e-14
-14.76700000000003,9.609265798074318,-0.3030319032884973,9.609265798074318,0.5252085386546713,15.855204837831797,1.1210927434685696e-13
-14.76750000000003,9.609401760583472,-0.30302853638836763,9.609401760583472,0.5252143741601916,15.855605341847845,1.1607381722456012e-13
-14.76800000000003,9.609537722206538,-0.3030251698635505,9.609537722206538,0.5252202091448753,15.8560058336633,1.5293182378232698e-13
-14.768500000000031,9.609673682950103,-0.3030218036511654,9.609673682950103,0.5252260437176738,15.85640631657752,5.3970572261278836e-14
-14.769000000000032,9.60980964280837,-0.3030184378097065,9.60980964280837,0.5252318777771653,15.85680678751843,1.2104976287528046e-13
-14.769500000000033,9.609945601792523,-0.30301507223135576,9.609945601792523,0.5252377115102003,15.857207252144887,1.6049098498468936e-13
-14.769999999999984,9.610081559885948,-0.30301170708043546,9.610081559885948,0.5252435446319147,15.857607701828696,3.4652755568144255e-14
-14.770000000000033,9.610081559887874,-0.3030117070617107,9.610081559887874,0.5252435446643723,15.857607702811801,2.5691784812737617e-14
-14.770500000000034,9.610217517104077,-0.30300834220786765,9.610217517104077,0.5252493774006822,15.858008144395152,4.647859057097995e-14
-14.771000000000035,9.610353473441325,-0.3030049776697019,9.610353473441325,0.525255209719314,15.858408576900228,9.58408707121453e-14
-14.771500000000035,9.610489428892706,-0.3030016135166098,9.610489428892706,0.5252610414999352,15.85880899668193,2.0686756153681435e-13
-14.772000000000036,9.610625383465626,-0.30299824967773237,9.610625383465626,0.5252668728653445,15.85920940745936,6.194831208449854e-14
-14.772500000000036,9.610761337159623,-0.3029948861593079,9.610761337159623,0.5252727038046947,15.859609808903672,1.1555523166356914e-13
