m,f_re,f_im,abs_res,success,sigma_min_1e-4,sigma_min_1e-5,sigma_min_1e-6,jac_reliable
-14.0,9.596712867697871,-0.13583831664187473,9.09587098209757e-15,True,9.962212701537792,9.969422124393192,9.970143288882303,True
-14.01,9.599245548550966,-0.13567376880984441,1.0423244182058541e-14,True,9.966508323101099,9.973724257534636,9.974446070401266,True
-14.02,9.601777804502646,-0.13550926843226038,4.46476710438357e-15,True,9.970801722484367,9.97802416843556,9.978746630319144,True
-14.03,9.604309636500542,-0.13534481542267648,1.1866928732135989e-15,True,9.975092893978209,9.98232184865903,9.983044964101573,True
-14.04,9.606841045486188,-0.1351804096587822,5.1434009872946005e-15,True,9.979381831891441,9.986617295075547,9.987341068254313,True
-14.049999999999999,9.609372032401026,-0.1350160510277583,1.0127400635423466e-14,True,9.983668530522923,9.9909104995977,9.991634916631597,True
-14.059999999999999,9.611902598190659,-0.13485173945726306,7.214100729072864e-15,True,9.987952984120692,9.995201458545472,9.995926527530752,True
-14.069999999999999,9.614432743785262,-0.13468747477137671,7.073479992989651e-15,True,9.992235186838526,9.999490164866181,10.000215886648624,True
-14.079999999999998,9.616962470133844,-0.13452325694203848,6.35063097490511e-15,True,9.99651513285621,10.003776612380525,10.004502982806425,True
-14.089999999999998,9.619491778168932,-0.13435908583020933,1.0778315928076987e-15,True,10.00079281644156,10.008060796309062,10.008787815842446,True
-14.099999999999998,9.622020668828279,-0.13419496134463932,1.2705264429312778e-14,True,10.00506823165929,10.012342711529579,10.013070383703067,True
-14.109999999999998,9.62454914304328,-0.13403088335804686,7.720840863447045e-15,True,10.009341372553614,10.016622349971648,10.017350671696478,True
-14.119999999999997,9.62707720175238,-0.1338668518030079,1.2499750519123837e-14,True,10.013612233177074,10.02089970631043,10.021628681499992,True
-14.129999999999997,9.629604845884314,-0.1337028665523502,9.582871241767491e-15,True,10.01788080765714,10.025174775008898,10.025904393801998,True
-14.139999999999997,9.632132076374916,-0.13353892753849517,1.1368271767870483e-14,True,10.022147089956334,10.029447550037407,10.03017782859635,True
-14.149999999999997,9.634658894152208,-0.13337503464799205,9.636742249038158e-15,True,10.026411073985335,10.03371802461683,10.034448945617434,True
-14.159999999999997,9.637185300142454,-0.13321118776475893,1.7098876366520038e-14,True,10.030672753736495,10.037986193477945,10.038717762817614,True
-14.169999999999996,9.639711295279874,-0.1330473868369403,8.246349205580614e-15,True,10.034932123050053,10.042252050868182,10.042984267605684,True
-14.179999999999996,9.642236880486085,-0.1328836317345401,5.442641205208294e-15,True,10.03918917588558,10.04651558848378,10.047248454196836,True
-14.189999999999996,9.644762056688176,-0.13271992237452285,7.950313203316809e-15,True,10.043443906092275,10.050776803918687,10.051510325761933,True
-14.199999999999996,9.647286824808008,-0.13255625864717324,7.839660476403649e-15,True,10.047696307266019,10.055035686706788,10.055769852130437,True
-14.209999999999996,9.649811185774984,-0.13239264050269026,4.6271133556207615e-15,True,10.051946373486391,10.059292234062156,10.060027043656904,True
-14.219999999999995,9.652335140506084,-0.13222906781610197,2.710399819191012e-15,True,10.05619409835312,10.063546437336536,10.064281900587297,True
-14.229999999999995,9.65485868992339,-0.13206554050580413,2.1210781103223385e-15,True,10.060439475553098,10.067798291623745,10.068534400411842,True
-14.239999999999995,9.657381834948538,-0.13190205849573503,6.5653524581199634e-15,True,10.064682498850651,10.072047789894153,10.072784548273479,True
-14.249999999999995,9.659904576491922,-0.13173862164433772,1.458496737992593e-14,True,10.068923161773782,10.07629492587936,10.077032329657387,True
-14.259999999999994,9.662426915481353,-0.1315752299335305,5.731375151869636e-15,True,10.073161458119671,10.080539693586717,10.081277750712196,True
-14.269999999999994,9.664948852826882,-0.13141188323684083,2.6113852161422537e-15,True,10.077397381352032,10.084782086207454,10.085520791102454,True
-14.279999999999994,9.667470389450804,-0.13124858151619803,1.6787511977365987e-14,True,10.08163092499819,10.08902209694519,10.089761445180445,True
-14.289999999999994,9.669991526255965,-0.13108532461599126,7.267510082199786e-15,True,10.085862082670738,10.09325972075917,10.093999721405732,True
-14.299999999999994,9.672512264161549,-0.13092211249484464,8.948838350958004e-15,True,10.090090847845723,10.097494948924668,10.098235585302623,True
-14.309999999999993,9.675032604073495,-0.13075894503464314,2.2121037052315357e-15,True,10.094317213956678,10.101727776781965,10.102469068741549,True
-14.319999999999993,9.677552546916074,-0.1305958222419942,8.361571575554633e-15,True,10.098541174491281,10.105958196032644,10.10670012847848,True
-14.329999999999993,9.680072093581694,-0.13043274392966916,4.7207330545682824e-15,True,10.102762722777987,10.110186201985906,10.110928783600793,True
-14.339999999999993,9.682591244989982,-0.13026971009089092,7.464134339039856e-15,True,10.10698185221426,10.114411786261943,10.11515501480858,True
-14.349999999999993,9.685110002039936,-0.13010672059721196,8.995547373193812e-15,True,10.111198556079719,10.118634942799337,10.119378812306614,True
-14.359999999999992,9.687628365640686,-0.1299437753918557,1.2224684831140492e-14,True,10.115412827787123,10.1228556661262,10.123600184565928,True
-14.369999999999992,9.690146336698126,-0.1297808744056972,8.865289006600649e-15,True,10.119624660466354,10.127073947237413,10.127819113510673,True
-14.379999999999992,9.692663916112837,-0.12961801754487787,4.220308060520364e-15,True,10.123834047394508,10.131289781077198,10.13203558925907,True
-14.389999999999992,9.695181104793418,-0.1294552047725358,8.931777008433754e-15,True,10.128040981940305,10.135503159328529,10.136249611627631,True
-14.399999999999991,9.697697903629928,-0.1292924359466489,5.9562715115723526e-15,True,10.132245457026057,10.139714076981418,10.140461170070333,True
-14.409999999999991,9.700214313535323,-0.12912971107221663,1.3992774630722241e-14,True,10.136447466014396,10.143922525210897,10.144670263877265,True
-14.419999999999991,9.702730335396065,-0.12896703000169074,1.1022563465713405e-14,True,10.140647001783284,10.14812849864194,10.148876883175559,True
-14.42999999999999,9.705245970117335,-0.12880439270825306,2.434909185329438e-15,True,10.144844057613623,10.152331990140864,10.153081020975094,True
-14.43999999999999,9.707761218593953,-0.1286417991103909,8.67182973659664e-15,True,10.149038626417918,10.156532991359406,10.15728266469706,True
-14.44999999999999,9.710276081720888,-0.1284792491353062,2.2650998591337196e-15,True,10.153230701266367,10.160731497126088,10.161481810483425,True
-14.45999999999999,9.712790560393126,-0.12831674271787802,3.9224825225513435e-15,True,10.157420275127166,10.164927498483863,10.16567845702989,True
-14.46999999999999,9.715304655505106,-0.12815427979722807,9.469004897397436e-15,True,10.161607340904082,10.169120989547176,10.169872588906108,True
-14.47999999999999,9.717818367947075,-0.12799186029542345,1.276032214398502e-14,True,10.16579189156707,10.173311964199357,10.17406420547654,True
-14.48999999999999,9.720331698608506,-0.1278294841377403,3.1106063782808446e-15,True,10.169973919949799,10.177500413399331,10.17825329484809,True
-14.49999999999999,9.72284464838195,-0.1276671512746223,7.659130848998449e-15,True,10.174153418997523,10.181686330252381,10.182439854716897,True
-14.50999999999999,9.725357218154237,-0.12750486163085797,5.347542221830668e-15,True,10.178330381418421,10.185869708787957,10.186623879366937,True
-14.519999999999989,9.727869408814508,-0.12734261515181625,3.0287934084557967e-15,True,10.18250479997355,10.190050540260884,10.190805352573353,True
-14.529999999999989,9.730381221248011,-0.12718041176792974,2.0009055870760584e-14,True,10.186676667476473,10.194228818934944,10.194984273607897,True
-14.539999999999988,9.732892656342502,-0.12701825143106063,2.929495491068304e-15,True,10.190845976712387,10.19840453574716,10.199160633193399,True
-14.549999999999988,9.735403714974614,-0.12685613403768312,5.558049685633555e-15,True,10.19501272014971,10.202577684679168,10.203334422412356,True
-14.559999999999988,9.73791439803466,-0.12669405956839208,2.0471501066083613e-15,True,10.199176890603294,10.206748257970936,10.207505634034474,True
-14.569999999999988,9.740424706405003,-0.12653202796602403,7.28550816809042e-15,True,10.203338480708833,10.210916247705622,10.211674261092892,True
-14.579999999999988,9.742934640961398,-0.12637003914389883,2.9893669801409084e-15,True,10.207497482940926,10.215081647432038,10.215840307569533,True
-14.589999999999987,9.74544420258868,-0.12620809307273356,2.886579864025407e-15,True,10.21165388988698,10.21924444924375,10.220003748826313,True
-14.599999999999987,9.747953392162257,-0.1260461896781733,3.887762621811037e-15,True,10.215807694163638,10.223404644825534,10.224164580390308,True
-14.609999999999987,9.750462210560181,-0.12588432890744064,4.0412728104402654e-15,True,10.219958888097894,10.227562228567935,10.228322804610015,True
-14.619999999999987,9.75297065865736,-0.1257225106975736,1.3420387677830782e-14,True,10.224107464352874,10.231717191141488,10.232478409583155,True
-14.629999999999987,9.755478737331128,-0.12556073500565929,5.0009355010672645e-15,True,10.228253415068169,10.235869525239192,10.236631379922313,True
-14.639999999999986,9.757986447456082,-0.1253990017806787,1.6323299197467428e-14,True,10.232396732806546,10.240019223590364,10.240781714771067,True
-14.649999999999986,9.760493789903196,-0.12523731095905272,1.167701839403815e-14,True,10.236537409920528,10.24416627819439,10.24492941257575,True
-14.659999999999986,9.763000765544165,-0.12507566248788773,1.0438458340849585e-14,True,10.240675438636966,10.248310681516248,10.249074451240682,True
-14.669999999999986,9.765507375254092,-0.12491405633902096,9.110765053448275e-15,True,10.244810811312616,10.252452425149848,10.253216826417082,True
-14.679999999999986,9.768013619900685,-0.1247524924516496,6.325592503836238e-15,True,10.248943520278946,10.25659150377887,10.257356546057228,True
-14.689999999999985,9.770519500348145,-0.12459097075343402,4.125789526923561e-15,True,10.25307355755553,10.260727906246764,10.261493583938666,True
-14.699999999999985,9.7730250174732,-0.12442949124420268,1.767182481642117e-14,True,10.257200915546274,10.264861627159751,10.265627943202135,True
-14.709999999999985,9.775530172132864,-0.1242680538273863,1.5553031891404223e-15,True,10.26132558623648,10.268992657838433,10.269759607994962,True
-14.719999999999985,9.778034965196609,-0.12410665847795606,3.420135685938544e-15,True,10.265447561815767,10.273120990254187,10.27388857660428,True
-14.729999999999984,9.78053939752853,-0.12394530514942938,6.8519741543802015e-15,True,10.269566834334936,10.277246615523355,10.278014839182832,True
-14.739999999999984,9.783043469989648,-0.1237839937860223,1.042206157031943e-14,True,10.273683395899049,10.281369528150588,10.282138385293146,True
-14.749999999999984,9.785547183450724,-0.12362272438802502,1.009997900029461e-14,True,10.277797238548901,10.285489717674148,10.286259213478571,True
-14.759999999999984,9.788050538760936,-0.12346149685216226,7.216449660063518e-16,True,10.281908354122471,10.289607177247467,10.290377304574992,True
-14.769999999999984,9.790553536783877,-0.12330031115512015,5.375130756895088e-15,True,10.286016734689236,10.293721898815038,10.294492663359726,True
-14.779999999999983,9.793056178385887,-0.12313916729323264,1.55130577703719e-14,True,10.290122372211838,10.297833873104167,10.298605269651,True
-14.789999999999983,9.795558464418706,-0.1229780651956749,7.947987303456223e-15,True,10.294225258498537,10.301943093974257,10.302715124728563,True
-14.799999999999983,9.798060395735325,-0.12281700480455073,1.0206959624866795e-14,True,10.298325385369127,10.306049551751121,10.30682221401059,True
-14.809999999999983,9.80056197319972,-0.12265598612273872,3.204296758965566e-15,True,10.302422744723744,10.310153238782718,10.310926531494772,True
-14.819999999999983,9.803063197657837,-0.12249500906988635,1.4699453470135983e-14,True,10.306517328298446,10.314254146659403,10.31502807546609,True
-14.829999999999982,9.805564069966962,-0.12233407362800441,1.634103474132873e-14,True,10.310609127793272,10.31835226608272,10.319126826153378,True
-14.839999999999982,9.808064590986667,-0.12217317979594915,1.2576920825403051e-14,True,10.314698135069431,10.322447591032581,10.32322278501872,True
-14.849999999999982,9.810564761557783,-0.12201232748716864,1.5259913497390425e-14,True,10.318784341670202,10.326540111425977,10.327315939276069,True
-14.859999999999982,9.813064582533661,-0.12185151668243989,1.6890812835436534e-14,True,10.322867739340383,10.330629819231877,10.331406275411114,True
-14.869999999999981,9.815564054766046,-0.12169074736055613,4.1317602818954125e-15,True,10.326948319631096,10.334716706717877,10.335493799077458,True
-14.879999999999981,9.818063179097667,-0.12153001946293214,1.2488405268589055e-14,True,10.331026074092872,10.338800763886848,10.339578480037153,True
-14.889999999999981,9.818063206281938,-0.3878345288372984,0.9855245428474696,False,0.26260222319027343,0.2626768106647569,0.26268427109458786,True
-14.829999999999982,9.80556406996696,-0.12233407362800464,6.678201444714463e-15,True,10.310609127789403,10.318352266612969,10.319126826665666,True
-14.830499999999983,9.805689104355086,-0.12232602795383057,6.9979286851126974e-15,True,10.310813644531006,10.318557098941112,10.31933168953742,True
-14.830999999999984,9.80581413786781,-0.1223179823969441,8.440616121040728e-15,True,10.311018154384909,10.318761924802097,10.319536553063662,True
-14.831499999999984,9.805939170496819,-0.12230993691619906,1.1102230246251565e-14,True,10.311222657107267,10.31896674375873,10.319741402590871,True
-14.831999999999985,9.806064202250962,-0.12230189155430576,1.422645865968639e-14,True,10.311427152915831,10.319171555277084,10.319946246805767,True
-14.832499999999985,9.806189233126277,-0.12229384629137863,3.3514211068838185e-15,True,10.311631641778654,10.319376360412424,10.320151080756606,True
-14.832999999999986,9.80631426312502,-0.12228580113791919,5.8167634697480146e-15,True,10.311836123551176,10.319581157898234,10.320355908925913,True
-14.833499999999987,9.80643929224176,-0.12227775606688797,6.841172296658325e-15,True,10.312040598362133,10.31978594848111,10.320560729425903,True
-14.833999999999987,9.80656432048363,-0.12226971111257996,6.6883450871102045e-15,True,10.31224506623723,10.319990732644525,10.320765546443283,True
-14.834499999999988,9.806689347846973,-0.12226166625662505,1.793620188084545e-15,True,10.312449527092678,10.320195509171292,10.320970357910213,True
-14.834999999999988,9.806814374335804,-0.12225362151809546,3.828257633024338e-15,True,10.312653980960317,10.320400278959,10.321175156749334,True
-14.835499999999989,9.80693939994396,-0.12224557686638894,6.304121634963866e-15,True,10.312858427841624,10.320605040873042,10.32137995008532,True
-14.83599999999999,9.807064424682071,-0.12223753235283064,7.785228687832109e-15,True,10.31306286779514,10.320809796869353,10.321584735655453,True
-14.83649999999999,9.80718944853503,-0.12222948790323578,6.445272572083738e-15,True,10.31326730071247,10.321014546220786,10.321789519551153,True
-14.83699999999999,9.807314471516337,-0.12222144358288435,8.795496234218198e-15,True,10.31347172657993,10.321219287680726,10.321994292288348,True
-14.837499999999991,9.807439493619281,-0.12221339935856718,1.0560112026483785e-14,True,10.313676145483981,10.321424022175702,10.322199055170218,True
-14.837999999999992,9.807564514845808,-0.12220535523921418,1.2443539932062048e-14,True,10.31388055738516,10.321628750640029,10.322403821768477,True
-14.838499999999993,9.80768953519411,-0.12219731121552703,5.421936431859633e-15,True,10.314084962280178,10.321833471171496,10.322608567539534,True
-14.838999999999993,9.807814554670157,-0.12218926731603713,1.342635627393543e-14,True,10.31428936025935,10.322038184304288,10.322813316376504,True
-14.839499999999994,9.80793957326261,-0.12218122348502124,1.6622600819525912e-14,True,10.314493751148241,10.322242891457131,10.323018055307887,True
-14.839999999999995,9.808064590989526,-0.12217317980983741,1.9812504575273385e-14,True,10.314698135083868,10.32244759168961,10.323222789845914,True
-14.840499999999995,9.808189607833171,-0.12216513620368069,8.126840123743213e-15,True,10.314902512013791,10.322652283338583,10.323427511351051,True
-14.840999999999996,9.80831462379764,-0.12215709268594846,1.489944531174773e-14,True,10.315106881862668,10.322856969057355,10.323632227458434,True
-14.841499999999996,9.808439638891828,-0.12214904929938676,4.1213057840373734e-15,True,10.315311244800354,10.32306164823364,10.323836941039625,True
-14.841999999999997,9.808564653111066,-0.12214100602077443,1.0081045149458743e-14,True,10.315515600710256,10.3232663192923,10.324041637475577,True
-14.842499999999998,9.808689666453335,-0.12213296283973635,7.355384643495589e-15,True,10.315719949615918,10.323470984567415,10.32424633831942,True
-14.842999999999998,9.808814678916008,-0.12212491974302161,1.6382092209071374e-14,True,10.315924291525523,10.323675642310706,10.324451026056261,True
-14.843499999999999,9.808939690506554,-0.12211687676641074,6.653932544407802e-15,True,10.31612862640525,10.323880293256954,10.32465570792053,True
-14.844,9.8090647012221,-0.12210883389540604,1.1177608301970899e-14,True,10.316332954256898,10.324084936023263,10.324860380860654,True
-14.8445,9.809189711058288,-0.12210079110832343,6.313890172061934e-15,True,10.316537275072209,10.324289572047848,10.325065046968101,True
-14.845,9.809314720023195,-0.12209274844387227,8.253259372701657e-15,True,10.31674158894724,10.324494202544813,10.325269714241847,True
-14.845500000000001,9.809439728112723,-0.12208470588161416,7.625058288637365e-15,True,10.316945895808916,10.324698824799391,10.32547436532568,True
-14.846000000000002,9.80956473532828,-0.12207666342789474,8.411542303580273e-15,True,10.317150195624645,10.324903440106135,10.32567901321668,True
-14.846500000000002,9.809689741671583,-0.12206862109049138,1.1587479136846635e-14,True,10.317354488480735,10.325108048654297,10.325883652588232,True
-14.847000000000003,9.809814747131647,-0.122060578815601,4.572178254219406e-15,True,10.317558774270449,10.325312650187941,10.326088289049048,True
-14.847500000000004,9.809939751723409,-0.12205253667518548,1.0925406890420803e-14,True,10.317763053027333,10.32551724470735,10.326292910027828,True
-14.848000000000004,9.810064755435826,-0.12204449461513604,6.772587951110447e-15,True,10.317967324800666,10.3257218324373,10.326497527639543,True
-14.848500000000005,9.810189758279774,-0.12203645268769049,1.0434324648588605e-14,True,10.318171589558355,10.325926412927062,10.326702143455837,True
-14.849000000000006,9.810314760248048,-0.12202841085737615,4.4367268087626334e-15,True,10.318375847338771,10.326130985595675,10.326906747322477,True
-14.849500000000006,9.810439761339026,-0.12202036911583819,6.75322301446426e-15,True,10.318580098002798,10.326335552098854,10.327111349473478,True
-14.850000000000007,9.810564761560583,-0.12201232750069609,4.0064286501198265e-15,True,10.318784341689982,10.326540111026498,10.327315935352052,True
-14.850500000000007,9.810689760902266,-0.12200428596079782,1.0269562977782698e-14,True,10.318988578350055,10.32674466295363,10.327520519391763,True
-14.851000000000008,9.810814759372866,-0.1219962445382168,1.523070615373935e-14,True,10.319192807994783,10.326949208794442,10.327725099342835,True
-14.851500000000009,9.810939756971777,-0.1219882032294951,6.864779284377786e-15,True,10.319397030643184,10.327153747400743,10.327929673187692,True
-14.85200000000001,9.8110647536908,-0.12198016199442392,8.78410253195682e-15,True,10.31960124613788,10.32735827779197,10.328134226093423,True
-14.85250000000001,9.811189749542095,-0.12197212089131744,1.5750402670301197e-14,True,10.319805454763351,10.327562802001385,10.328338785459197,True
-14.85300000000001,9.811314744517746,-0.12196407988138007,2.0082458459915766e-14,True,10.320009656293575,10.327767319643174,10.328543335051403,True
-14.853500000000011,9.811439738625449,-0.12195603900130876,1.0386520604941984e-14,True,10.320213850823489,10.327971829886328,10.328747876675786,True
-14.854000000000012,9.811564731850794,-0.12194799818087866,2.981791189775536e-14,True,10.320418038295582,10.328176332139018,10.328952409879463,True
-14.854500000000012,9.811689724212728,-0.12193995751123059,6.679816236361857e-15,True,10.320622218831716,10.328380828894023,10.329156942060406,True
-14.855000000000013,9.811814715695911,-0.12193191691764599,1.115097306002763e-14,True,10.32082639221592,10.328585317669205,10.329361462925492,True
-14.855500000000013,9.811939706304562,-0.12192387642001253,1.1201704679945691e-14,True,10.321030558539258,10.328789799475361,10.329565976982234,True
-14.856000000000014,9.812064696038846,-0.1219158360186183,4.723669544294219e-15,True,10.321234717860003,10.328994273752938,10.329770476953243,True
-14.856500000000015,9.8121896849042,-0.12190779573922567,8.29404220664454e-15,True,10.321438870180351,10.329198742299521,10.329974977243358,True
-14.857000000000015,9.812314672899117,-0.12189975557401833,6.954641202201828e-15,True,10.321643015454079,10.329403202106114,10.330179468644433,True
-14.857500000000016,9.812439660019578,-0.12189171550307194,1.233896894832203e-14,True,10.321847153733986,10.329607656981393,10.330383959703157,True
-14.858000000000017,9.812564646267194,-0.12188367553363745,1.2053591726811642e-14,True,10.322051284930659,10.329812103240881,10.330588433125605,True
-14.858500000000017,9.81268963164232,-0.12187563566693974,7.154696162511531e-15,True,10.322255409134643,10.330016543025469,10.330792904405543,True
-14.859000000000018,9.812814616146296,-0.12186759590891574,7.427093314020058e-15,True,10.322459526253729,10.330220975747082,10.330997373831652,True
-14.859500000000018,9.812939599777858,-0.12185955625295208,1.7554167342883507e-14,True,10.322663636354697,10.330425400995466,10.331201831390963,True
-14.860000000000019,9.813064582533041,-0.12185151667940301,6.0208490917174056e-15,True,10.3228677393692,10.330629819856878,10.33140627938746,True
-14.86050000000002,9.813189564423055,-0.12184347724183199,1.6677382853692214e-14,True,10.323071835328989,10.33083423059758,10.331610719689628,True
-14.86100000000002,9.813314545435437,-0.12183543787960577,8.261282845494494e-15,True,10.323275924274508,10.331038635187388,10.331815156492992,True
-14.86150000000002,9.813439525578634,-0.12182739863294535,4.453364592678439e-15,True,10.32348000617416,10.331243032347503,10.33201958964111,True
-14.862000000000021,9.813564504851326,-0.12181935949497684,2.288783399261119e-15,True,10.323684081036253,10.331447422694803,10.332224005960747,True
-14.862500000000022,9.813689483253892,-0.1218113204669905,1.792829721481184e-14,True,10.323888148862801,10.331651805907432,10.332428421968004,True
-14.863000000000023,9.813814460783163,-0.12180328153323045,9.318601254079482e-15,True,10.324092209660993,10.331856182182923,10.332632830368379,True
-14.863500000000023,9.813939437442654,-0.1217952427100778,1.6958543134584e-14,True,10.324296263337596,10.332060550667915,10.332837227528032,True
-14.864000000000024,9.814064413226337,-0.12178720396803021,8.525616508213924e-15,True,10.324500309986407,10.332264913368038,10.333041618762294,True
-14.864500000000024,9.814189388141143,-0.12177916533992175,4.179219242832202e-15,True,10.324704349664987,10.332469268457958,10.333246013793449,True
-14.865000000000025,9.814314362190062,-0.12177112683962314,1.2709508105967211e-14,True,10.324908382241022,10.332673616111668,10.333450395244066,True
-14.865500000000026,9.814439335362833,-0.12176308841725204,3.678844234973531e-15,True,10.325112407643303,10.332877957196494,10.333654757036477,True
-14.866000000000026,9.814564307669162,-0.12175505011898073,1.998810026309207e-14,True,10.325316426123685,10.333082290720437,10.33385912872008,True
-14.866500000000027,9.814689279102009,-0.12174701191043885,1.3377266068096272e-14,True,10.325520437515781,10.333286617374611,10.33406348200399,True
-14.867000000000028,9.81481424966534,-0.12173897381018542,1.6394126252994624e-14,True,10.325724441869486,10.333490936499192,10.334267833923219,True
-14.867500000000028,9.814939219358765,-0.12173093581583756,9.685065410798005e-15,True,10.32592843915073,10.333695250092392,10.334472180483646,True
-14.868000000000029,9.815064188178892,-0.12172289791057084,2.5517021683543648e-15,True,10.326132429363202,10.333899554560888,10.334676512557378,True
-14.86850000000003,9.81518915612702,-0.12171486010012554,6.7589243434784236e-15,True,10.326336412473507,10.334103854041587,10.334880844064985,True
-14.86900000000003,9.81531412320957,-0.12170682241481752,1.1899731676600219e-14,True,10.326540388603696,10.334308145333138,10.335085167301049,True
-14.86950000000003,9.815439089424775,-0.12169878484566406,1.1582691361771639e-14,True,10.326744357641566,10.33451242894975,10.33528948522953,True
-14.870000000000031,9.815564054767894,-0.12169074736936947,1.807312143953211e-15,True,10.326948319653685,10.33471670681247,10.335493794550208,True
-14.870500000000032,9.815689019241807,-0.12168270999925453,9.77138183282905e-15,True,10.327152274534052,10.33492097602085,10.3356980932168,True
-14.871000000000032,9.815813982840552,-0.12167467270619083,3.931898377321726e-15,True,10.327356222350197,10.335125239446405,10.335902387115436,True
-14.871500000000033,9.815938945572496,-0.12166663552981095,1.115097306002763e-14,True,10.327560163128883,10.335329495274395,10.336106676313966,True
-14.872000000000034,9.816063907441245,-0.1216585984869289,5.0221487982431626e-15,True,10.327764096894095,10.335533744522857,10.336310959640327,True
-14.872500000000034,9.81618886843298,-0.12165056151070597,1.2133980896165752e-14,True,10.327968023555444,10.335737986741053,10.336515233566116,True
-14.873000000000035,9.816313828558892,-0.12164252465433967,6.45458879844291e-15,True,10.328171943072347,10.335942221676548,10.336719500614839,True
-14.873500000000035,9.816438787813686,-0.12163448789189753,9.930136612989092e-16,True,10.328375855637816,10.33614644917327,10.336923762413152,True
-14.874000000000036,9.816563746199899,-0.12162645123506093,2.780549076845816e-15,True,10.32857976098905,10.336350669264624,10.337128010237423,True
-14.874500000000037,9.816688703720265,-0.12161841469639169,1.2947314098277875e-15,True,10.328783659351576,10.336554882919403,10.337332252965801,True
-14.875000000000037,9.816813660370544,-0.12161037825507397,4.036695192044047e-15,True,10.328987550617084,10.336759089063085,10.337536491683002,True
-14.875500000000038,9.81693861614844,-0.12160234189960098,2.7064176995603496e-15,True,10.329191434846232,10.336963288999938,10.337740724194079,True
-14.876000000000039,9.817063571063,-0.12159430567279127,8.669697406806626e-15,True,10.329395311970895,10.337167481656632,10.3379449494306,True
-14.87650000000004,9.817188525105756,-0.12158626953357558,6.570278848380277e-15,True,10.329599182117482,10.337371666959914,10.338149172950581,True
-14.87700000000004,9.81731347828229,-0.12157823350818567,1.1236861156120876e-14,True,10.329803045003807,10.337575844912092,10.338353374632188,True
-14.87750000000004,9.817438430586565,-0.12157019756719172,3.636721891222372e-15,True,10.33000690097333,10.33778001580076,10.33855758496845,True
-14.878000000000041,9.8175633820256,-0.1215621617437031,5.618430578060438e-15,True,10.330210749722916,10.337984179712707,10.338761771644686,True
-14.878500000000042,9.817688332591832,-0.12155412600100039,7.828646949650264e-15,True,10.330414591452858,10.338188336507955,10.338965965726903,True
-14.879000000000042,9.817813282297081,-0.12154609039512633,5.515473566030869e-15,True,10.330618426067717,10.338392485566581,10.33917014130428,True
-14.879500000000043,9.817938231134955,-0.12153805489497627,7.520890379115718e-15,True,10.33082225368224,10.338596628689737,10.339374322042115,True
-14.880000000000043,9.81806317909869,-0.12153001946774111,7.656515266048676e-15,True,10.331026074095542,10.338800763967674,10.33957848042183,True
-14.880500000000044,9.818188126203287,-0.12152198418458168,1.879599711402626e-14,True,10.331229887506517,10.339004893065798,10.339782642668515,True
-14.881000000000045,9.818313072434304,-0.12151394897597327,7.461037401901204e-15,True,10.33143369387903,10.339209014630644,10.339986799108127,True
-14.881500000000045,9.818438017798146,-0.12150591387202522,5.310824686389317e-15,True,10.331637493098,10.33941312843951,10.340190941581888,True
-14.882000000000046,9.818562962293703,-0.1214978788669202,7.220931861080138e-15,True,10.331841285174768,10.339617235526708,10.340395076488472,True
-14.882500000000046,9.81868790592293,-0.12148984396949936,1.5100665727558131e-15,True,10.332045070201957,10.339821335356547,10.340599209680038,True
-14.883000000000047,9.818812848687076,-0.1214818091851927,1.1934897514720433e-14,True,10.33224884820814,10.340025428654858,10.34080333746198,True
-14.883500000000048,9.818937790583346,-0.12147377450016039,7.436215473158797e-15,True,10.332452619060234,10.3402295144361,10.341007456049793,True
-14.884000000000048,9.819062731611321,-0.12146573991189545,1.5500637902938654e-14,True,10.332656382841344,10.340433593015039,10.341211564703958,True
-14.884500000000049,9.819187671774582,-0.12145770543697744,8.671119018262734e-16,True,10.332860139510391,10.340637665194679,10.34141566991358,True
-14.88500000000005,9.819312611072856,-0.12144967107358465,2.010699415441723e-14,True,10.333063889112339,10.340841729348325,10.341619765364385,True
-14.88550000000005,9.81943754950239,-0.12144163680329964,9.930136612989092e-15,True,10.333267631580588,10.341045787458501,10.341823856096772,True
-14.88600000000005,9.819562487064163,-0.12143360263031995,9.838480485366983e-15,True,10.333471367049356,10.341249837821888,10.342027940938937,True
-14.886500000000051,9.819687423758731,-0.12142556855676825,8.320193863189414e-15,True,10.333675095233254,10.341453880667295,10.342232007636031,True
-14.887000000000052,9.819812359586226,-0.1214175345827672,1.187795958934157e-14,True,10.333878816458059,10.341657916560932,10.342436078810556,True
-14.887500000000053,9.819937294552625,-0.12140950073629385,2.507851037520163e-15,True,10.334082530510733,10.341861945411006,10.342640136385917,True
-14.888000000000053,9.820062228652372,-0.12140146699034642,2.682975169497797e-15,True,10.334286237558294,10.34206596805087,10.342844198359824,True
-14.888500000000054,9.820187161884192,-0.12139343333838044,1.025514997038986e-14,True,10.334489937360104,10.342269982135447,10.343048235937324,True
-14.889000000000054,9.820312094251506,-0.12138539979614318,7.264329320467945e-15,True,10.33469363018389,10.342473990316078,10.343252271891885,True
-14.889500000000055,9.820437025749106,-0.12137736633836851,6.232347480556726e-15,True,10.334897315874676,10.342677991311588,10.343456309411886,True
-14.890000000000056,9.820561956388481,-0.12136933301920703,5.117875266520904e-15,True,10.335100994438964,10.342881984756577,10.343660336783762,True
-14.890500000000056,9.820686886154613,-0.1213612997667078,7.421074851107613e-15,True,10.335304665893508,10.343085970088584,10.343864347389376,True
-14.891000000000057,9.820811815060223,-0.12135326664087565,4.869818370658876e-15,True,10.33550833026386,10.34328994985607,10.344068362420042,True
-14.891500000000057,9.82093674309583,-0.12134523359610937,5.111850690840453e-15,True,10.33571198748179,10.343493922022756,10.344272362956618,True
-14.892000000000058,9.82106167027238,-0.12133720068395089,2.277987190955421e-15,True,10.335915637621515,10.343697886284744,10.344476359110232,True
-14.892500000000059,9.821186596579725,-0.12132916785564585,8.376299794420253e-15,True,10.336119280682055,10.343901845254477,10.344680354676496,True
-14.89300000000006,9.821311522020192,-0.12132113512176804,4.47545209131181e-15,True,10.336322916548243,10.344105794725671,10.344884329952293,True
-14.89350000000006,9.821436446599606,-0.12131310250947201,4.358597592280766e-15,True,10.336526545334543,10.344309739298035,10.345088308372352,True
-14.89400000000006,9.821561370314583,-0.12130507000218796,5.999571675429812e-15,True,10.336730167105443,10.344513676203816,10.345292281305674,True
-14.894500000000061,9.821686293163443,-0.1212970375914157,4.12167961557554e-15,True,10.336933781657615,10.344717604916099,10.34549624062795,True
-14.895000000000062,9.821811215148443,-0.12128900528738026,4.9229973004429906e-15,True,10.337137389096162,10.344921527046067,10.34570019263775,True
-14.895500000000062,9.821936136271644,-0.12128097309932824,1.5372580343201344e-14,True,10.33734098945884,10.345125443088355,10.34590413595922,True
-14.896000000000063,9.822061056524575,-0.1212729409866018,3.979805003092567e-15,True,10.33754458261972,10.345329350261558,10.346108074792866,True
-14.896500000000064,9.822185975913776,-0.12126490897970446,1.1422355192891215e-14,True,10.337748168746412,10.345533251676322,10.346312015288976,True
-14.897000000000064,9.822310894439395,-0.12125687707885009,2.0763248414043573e-14,True,10.337951747709461,10.34573714489136,10.346515939332846,True
-14.897500000000065,9.822435812106967,-0.12124884530974255,6.2498752595619185e-15,True,10.338155319662459,10.345941032166666,10.346719856965175,True
-14.898000000000065,9.822560728907787,-0.12124081363062733,3.853929388444262e-15,True,10.338358884329221,10.346144911230393,10.346923765891722,True
-14.898500000000066,9.822685644837934,-0.12123278202242853,5.513517773818103e-15,True,10.338562441881033,10.346348783449812,10.347127668888643,True
-14.899000000000067,9.82281055991287,-0.1212247505579032,4.931440214964236e-15,True,10.338765992371169,10.346552648517404,10.347331563661875,True
-14.899500000000067,9.8229354741199,-0.121216719176388,7.447602459741819e-15,True,10.338969535802072,10.346756506867141,10.347535458086307,True
-14.900000000000068,9.823060387467518,-0.12120868791763649,2.3314683517128287e-15,True,10.339173071975603,10.346960357264438,10.347739333359291,True
-14.900500000000068,9.823185299945559,-0.12120065673299657,3.554447978966673e-15,True,10.339376601057786,10.347164201355758,10.347943208093554,True
-14.901000000000069,9.823310211560445,-0.12119262565237718,1.6992216372873033e-15,True,10.33958012301237,10.347368037935292,10.34814707984436,True
-14.90150000000007,9.823435122321008,-0.12118459471706396,1.0778315928076987e-15,True,10.339783637901796,10.347571867989949,10.348350945038934,True
-14.90200000000007,9.823560032212486,-0.1211765638567,2.6535259329201464e-15,True,10.33998714561249,10.347775690021049,10.348554793598915,True
-14.902500000000071,9.823684941240062,-0.1211685330953166,9.550499576785473e-15,True,10.340190646182153,10.347979504872361,10.348758638335664,True
-14.903000000000072,9.82380984940861,-0.12116050245544575,1.0647148785970271e-14,True,10.340394139684404,10.348183313660702,10.348962482032386,True
-14.903500000000072,9.823934756709708,-0.12115247189676255,1.5116268490134552e-14,True,10.340597625970716,10.34838711478638,10.349166314272017,True
-14.904000000000073,9.82405966315313,-0.121144441465008,1.6736404963781187e-15,True,10.340801105186156,10.348590908285013,10.34937013870543,True
-14.904500000000073,9.824184568728596,-0.12113641111102921,7.250529895255517e-15,True,10.34100457718733,10.348794694729074,10.349573955297931,True
-14.905000000000074,9.824309473440842,-0.12112838085676961,1.5671457702085673e-14,True,10.341208042075579,10.348998474616941,10.349777766477057,True
-14.905500000000075,9.824309732210978,-0.12112027631238352,0.0012906579020624327,False,10.350591784241745,10.35839101973333,10.359171194804318,True
